date,ghi1,humidity,temperature
2023-03-28T00:00:00+0000,0.195312,46.916667,33.1
2023-03-28T00:01:00+0000,0.175781,46.858333,33.05
2023-03-28T00:02:00+0000,0.169271,46.983333,33.0
2023-03-28T00:03:00+0000,0.182292,47.033333,32.941667
2023-03-28T00:04:00+0000,0.188802,47.175,32.9
2023-03-28T00:05:00+0000,0.169271,47.2,32.9
2023-03-28T00:06:00+0000,0.182292,47.283333,32.808333
2023-03-28T00:07:00+0000,0.175781,47.375,32.8
2023-03-28T00:08:00+0000,0.195312,47.45,32.791667
2023-03-28T00:09:00+0000,0.195312,47.675,32.708333
2023-03-28T00:10:00+0000,0.182292,47.75,32.691667
2023-03-28T00:11:00+0000,0.182292,47.833333,32.616667
2023-03-28T00:12:00+0000,0.169271,47.916667,32.6
2023-03-28T00:13:00+0000,0.182292,48.0,32.6
2023-03-28T00:14:00+0000,0.175781,48.041667,32.525
2023-03-28T00:15:00+0000,0.188802,48.1,32.5
2023-03-28T00:16:00+0000,0.169271,48.141667,32.5
2023-03-28T00:17:00+0000,0.175781,48.2,32.5
2023-03-28T00:18:00+0000,0.169271,48.291667,32.433333
2023-03-28T00:19:00+0000,0.182292,48.283333,32.4
2023-03-28T00:20:00+0000,0.169271,48.266667,32.4
2023-03-28T00:21:00+0000,0.195312,48.3,32.4
2023-03-28T00:22:00+0000,0.188802,48.383333,32.316667
2023-03-28T00:23:00+0000,0.188802,48.508333,32.3
2023-03-28T00:24:00+0000,0.201823,48.6,32.258333
2023-03-28T00:25:00+0000,0.175781,48.683333,32.2
2023-03-28T00:26:00+0000,0.175781,48.791667,32.2
2023-03-28T00:27:00+0000,0.201823,48.866667,32.191667
2023-03-28T00:28:00+0000,0.188802,48.9,32.125
2023-03-28T00:29:00+0000,0.201823,48.95,32.1
2023-03-28T00:30:00+0000,0.195312,48.966667,32.083333
2023-03-28T00:31:00+0000,0.175781,48.983333,32.016667
2023-03-28T00:32:00+0000,0.175781,49.05,32.0
2023-03-28T00:33:00+0000,0.195312,49.025,32.0
2023-03-28T00:34:00+0000,0.182292,49.1,32.0
2023-03-28T00:35:00+0000,0.182292,49.15,31.983333
2023-03-28T00:36:00+0000,0.188802,49.233333,31.9
2023-03-28T00:37:00+0000,0.195312,49.358333,31.9
2023-03-28T00:38:00+0000,0.195312,49.316667,31.858333
2023-03-28T00:39:00+0000,0.169271,49.4,31.8
2023-03-28T00:40:00+0000,0.175781,49.483333,31.8
2023-03-28T00:41:00+0000,0.175781,49.5,31.8
2023-03-28T00:42:00+0000,0.182292,49.591667,31.775
2023-03-28T00:43:00+0000,0.175781,49.608333,31.7
2023-03-28T00:44:00+0000,0.182292,49.658333,31.7
2023-03-28T00:45:00+0000,0.201823,49.716667,31.7
2023-03-28T00:46:00+0000,0.182292,49.8,31.7
2023-03-28T00:47:00+0000,0.16276,49.808333,31.633333
2023-03-28T00:48:00+0000,0.16276,49.966667,31.6
2023-03-28T00:49:00+0000,0.175781,50.0,31.6
2023-03-28T00:50:00+0000,0.175781,50.025,31.6
2023-03-28T00:51:00+0000,0.182292,50.1,31.6
2023-03-28T00:52:00+0000,0.182292,50.2,31.541667
2023-03-28T00:53:00+0000,0.195312,50.241667,31.5
2023-03-28T00:54:00+0000,0.175781,50.3,31.5
2023-03-28T00:55:00+0000,0.169271,50.383333,31.416667
2023-03-28T00:56:00+0000,0.188802,50.516667,31.4
2023-03-28T00:57:00+0000,0.175781,50.6,31.391667
2023-03-28T00:58:00+0000,0.15625,50.616667,31.4
2023-03-28T00:59:00+0000,0.16276,50.625,31.4
2023-03-28T01:00:00+0000,0.182292,50.716667,31.325
2023-03-28T01:01:00+0000,0.15625,50.775,31.3
2023-03-28T01:02:00+0000,0.188802,50.841667,31.3
2023-03-28T01:03:00+0000,0.16276,50.8,31.3
2023-03-28T01:04:00+0000,0.182292,50.8,31.3
2023-03-28T01:05:00+0000,0.195312,50.8,31.3
2023-03-28T01:06:00+0000,0.175781,50.841667,31.3
2023-03-28T01:07:00+0000,0.169271,50.825,31.3
2023-03-28T01:08:00+0000,0.214844,50.9,31.3
2023-03-28T01:09:00+0000,0.188802,50.975,31.266667
2023-03-28T01:10:00+0000,0.188802,51.091667,31.208333
2023-03-28T01:11:00+0000,0.175781,51.1,31.2
2023-03-28T01:12:00+0000,0.16276,51.091667,31.2
2023-03-28T01:13:00+0000,0.169271,51.0,31.2
2023-03-28T01:14:00+0000,0.188802,50.966667,31.216667
2023-03-28T01:15:00+0000,0.169271,51.1,31.2
2023-03-28T01:16:00+0000,0.175781,51.158333,31.2
2023-03-28T01:17:00+0000,0.188802,51.2,31.2
2023-03-28T01:18:00+0000,0.175781,51.2,31.2
2023-03-28T01:19:00+0000,0.208333,51.2,31.2
2023-03-28T01:20:00+0000,0.175781,51.2,31.2
2023-03-28T01:21:00+0000,0.182292,51.225,31.15
2023-03-28T01:22:00+0000,0.175781,51.325,31.1
2023-03-28T01:23:00+0000,0.182292,51.491667,31.083333
2023-03-28T01:24:00+0000,0.182292,51.55,31.008333
2023-03-28T01:25:00+0000,0.182292,51.675,31.0
2023-03-28T01:26:00+0000,0.188802,51.716667,30.991667
2023-03-28T01:27:00+0000,0.188802,51.883333,30.908333
2023-03-28T01:28:00+0000,0.188802,51.941667,30.9
2023-03-28T01:29:00+0000,0.16276,52.0,30.9
2023-03-28T01:30:00+0000,0.175781,52.0,30.9
2023-03-28T01:31:00+0000,0.201823,52.008333,30.9
2023-03-28T01:32:00+0000,0.188802,52.108333,30.9
2023-03-28T01:33:00+0000,0.182292,52.141667,30.883333
2023-03-28T01:34:00+0000,0.169271,52.2,30.9
2023-03-28T01:35:00+0000,0.182292,52.225,30.858333
2023-03-28T01:36:00+0000,0.16276,52.3,30.8
2023-03-28T01:37:00+0000,0.169271,52.341667,30.8
2023-03-28T01:38:00+0000,0.175781,52.4,30.8
2023-03-28T01:39:00+0000,0.175781,52.408333,30.8
2023-03-28T01:40:00+0000,0.182292,52.4,30.8
2023-03-28T01:41:00+0000,0.188802,52.475,30.8
2023-03-28T01:42:00+0000,0.182292,52.516667,30.733333
2023-03-28T01:43:00+0000,0.169271,52.6,30.7
2023-03-28T01:44:00+0000,0.16276,52.625,30.7
2023-03-28T01:45:00+0000,0.169271,52.708333,30.7
2023-03-28T01:46:00+0000,0.188802,52.8,30.7
2023-03-28T01:47:00+0000,0.182292,52.8,30.641667
2023-03-28T01:48:00+0000,0.169271,52.9,30.625
2023-03-28T01:49:00+0000,0.201823,52.95,30.6
2023-03-28T01:50:00+0000,0.188802,52.991667,30.6
2023-03-28T01:51:00+0000,0.188802,53.008333,30.6
2023-03-28T01:52:00+0000,0.175781,53.025,30.6
2023-03-28T01:53:00+0000,0.182292,53.0,30.6
2023-03-28T01:54:00+0000,0.201823,53.116667,30.591667
2023-03-28T01:55:00+0000,0.188802,53.275,30.508333
2023-03-28T01:56:00+0000,0.16276,53.366667,30.5
2023-03-28T01:57:00+0000,0.188802,53.416667,30.5
2023-03-28T01:58:00+0000,0.182292,53.433333,30.5
2023-03-28T01:59:00+0000,0.188802,53.4,30.5
2023-03-28T02:00:00+0000,0.182292,53.4,30.5
2023-03-28T02:01:00+0000,0.175781,53.4,30.5
2023-03-28T02:02:00+0000,0.175781,53.4,30.5
2023-03-28T02:03:00+0000,0.175781,53.483333,30.475
2023-03-28T02:04:00+0000,0.169271,53.625,30.4
2023-03-28T02:05:00+0000,0.195312,53.7,30.4
2023-03-28T02:06:00+0000,0.169271,53.7,30.4
2023-03-28T02:07:00+0000,0.169271,53.7,30.4
2023-03-28T02:08:00+0000,0.169271,53.7,30.4
2023-03-28T02:09:00+0000,0.175781,53.8,30.391667
2023-03-28T02:10:00+0000,0.188802,53.95,30.308333
2023-03-28T02:11:00+0000,0.175781,54.0,30.3
2023-03-28T02:12:00+0000,0.175781,54.1,30.3
2023-03-28T02:13:00+0000,0.182292,54.175,30.233333
2023-03-28T02:14:00+0000,0.182292,54.25,30.2
2023-03-28T02:15:00+0000,0.188802,54.3,30.2
2023-03-28T02:16:00+0000,0.169271,54.308333,30.2
2023-03-28T02:17:00+0000,0.175781,54.375,30.191667
2023-03-28T02:18:00+0000,0.169271,54.45,30.108333
2023-03-28T02:19:00+0000,0.182292,54.5,30.1
2023-03-28T02:20:00+0000,0.182292,54.516667,30.1
2023-03-28T02:21:00+0000,0.195312,54.6,30.1
2023-03-28T02:22:00+0000,0.169271,54.675,30.1
2023-03-28T02:23:00+0000,0.175781,54.75,30.033333
2023-03-28T02:24:00+0000,0.169271,54.85,30.0
2023-03-28T02:25:00+0000,0.169271,54.9,30.0
2023-03-28T02:26:00+0000,0.169271,55.033333,29.933333
2023-03-28T02:27:00+0000,0.16276,55.125,29.9
2023-03-28T02:28:00+0000,0.169271,55.2,29.9
2023-03-28T02:29:00+0000,0.175781,55.3,29.891667
2023-03-28T02:30:00+0000,0.188802,55.35,29.816667
2023-03-28T02:31:00+0000,0.169271,55.4,29.8
2023-03-28T02:32:00+0000,0.182292,55.458333,29.8
2023-03-28T02:33:00+0000,0.169271,55.433333,29.8
2023-03-28T02:34:00+0000,0.169271,55.45,29.8
2023-03-28T02:35:00+0000,0.169271,55.55,29.8
2023-03-28T02:36:00+0000,0.16276,55.6,29.766667
2023-03-28T02:37:00+0000,0.188802,55.6,29.7
2023-03-28T02:38:00+0000,0.182292,55.591667,29.7
2023-03-28T02:39:00+0000,0.169271,55.6,29.7
2023-03-28T02:40:00+0000,0.175781,55.591667,29.7
2023-03-28T02:41:00+0000,0.175781,55.5,29.7
2023-03-28T02:42:00+0000,0.188802,55.508333,29.7
2023-03-28T02:43:00+0000,0.182292,55.5,29.7
2023-03-28T02:44:00+0000,0.169271,55.525,29.7
2023-03-28T02:45:00+0000,0.182292,55.6,29.7
2023-03-28T02:46:00+0000,0.16276,55.616667,29.7
2023-03-28T02:47:00+0000,0.175781,55.633333,29.658333
2023-03-28T02:48:00+0000,0.16276,55.6,29.683333
2023-03-28T02:49:00+0000,0.169271,55.608333,29.641667
2023-03-28T02:50:00+0000,0.182292,55.7,29.6
2023-03-28T02:51:00+0000,0.169271,55.725,29.6
2023-03-28T02:52:00+0000,0.15625,55.8,29.591667
2023-03-28T02:53:00+0000,0.182292,55.825,29.533333
2023-03-28T02:54:00+0000,0.175781,55.716667,29.566667
2023-03-28T02:55:00+0000,0.188802,55.7,29.6
2023-03-28T02:56:00+0000,0.201823,55.7,29.6
2023-03-28T02:57:00+0000,0.169271,55.8,29.558333
2023-03-28T02:58:00+0000,0.182292,55.866667,29.508333
2023-03-28T02:59:00+0000,0.182292,55.933333,29.5
2023-03-28T03:00:00+0000,0.182292,56.025,29.5
2023-03-28T03:01:00+0000,0.195312,56.1,29.425
2023-03-28T03:02:00+0000,0.175781,56.166667,29.4
2023-03-28T03:03:00+0000,0.182292,56.2,29.4
2023-03-28T03:04:00+0000,0.182292,56.2,29.4
2023-03-28T03:05:00+0000,0.169271,56.2,29.4
2023-03-28T03:06:00+0000,0.169271,56.241667,29.4
2023-03-28T03:07:00+0000,0.182292,56.191667,29.375
2023-03-28T03:08:00+0000,0.188802,56.05,29.366667
2023-03-28T03:09:00+0000,0.188802,56.0,29.383333
2023-03-28T03:10:00+0000,0.188802,55.991667,29.316667
2023-03-28T03:11:00+0000,0.195312,55.908333,29.3
2023-03-28T03:12:00+0000,0.175781,55.841667,29.3
2023-03-28T03:13:00+0000,0.182292,55.8,29.3
2023-03-28T03:14:00+0000,0.175781,55.8,29.3
2023-03-28T03:15:00+0000,0.195312,55.8,29.3
2023-03-28T03:16:00+0000,0.188802,55.8,29.283333
2023-03-28T03:17:00+0000,0.175781,55.9,29.208333
2023-03-28T03:18:00+0000,0.195312,55.941667,29.2
2023-03-28T03:19:00+0000,0.188802,55.941667,29.183333
2023-03-28T03:20:00+0000,0.182292,55.991667,29.175
2023-03-28T03:21:00+0000,0.182292,55.9,29.2
2023-03-28T03:22:00+0000,0.169271,55.975,29.125
2023-03-28T03:23:00+0000,0.188802,55.9,29.1
2023-03-28T03:24:00+0000,0.188802,55.9,29.1
2023-03-28T03:25:00+0000,0.169271,55.983333,29.1
2023-03-28T03:26:00+0000,0.169271,56.058333,29.075
2023-03-28T03:27:00+0000,0.182292,56.1,29.0
2023-03-28T03:28:00+0000,0.208333,56.033333,29.0
2023-03-28T03:29:00+0000,0.169271,55.975,29.0
2023-03-28T03:30:00+0000,0.175781,56.0,29.0
2023-03-28T03:31:00+0000,0.188802,56.041667,29.0
2023-03-28T03:32:00+0000,0.195312,56.008333,28.941667
2023-03-28T03:33:00+0000,0.201823,56.0,28.9
2023-03-28T03:34:00+0000,0.175781,56.1,28.9
2023-03-28T03:35:00+0000,0.182292,55.925,28.9
2023-03-28T03:36:00+0000,0.182292,55.816667,28.9
2023-03-28T03:37:00+0000,0.182292,55.616667,28.9
2023-03-28T03:38:00+0000,0.195312,55.516667,28.9
2023-03-28T03:39:00+0000,0.195312,55.4,28.9
2023-03-28T03:40:00+0000,0.182292,55.333333,28.925
2023-03-28T03:41:00+0000,0.175781,55.3,28.9
2023-03-28T03:42:00+0000,0.175781,55.258333,28.9
2023-03-28T03:43:00+0000,0.182292,55.208333,28.925
2023-03-28T03:44:00+0000,0.182292,55.216667,28.908333
2023-03-28T03:45:00+0000,0.175781,55.225,28.9
2023-03-28T03:46:00+0000,0.169271,55.216667,28.9
2023-03-28T03:47:00+0000,0.175781,55.266667,28.9
2023-03-28T03:48:00+0000,0.169271,55.225,28.9
2023-03-28T03:49:00+0000,0.188802,55.341667,28.866667
2023-03-28T03:50:00+0000,0.195312,55.4,28.8
2023-03-28T03:51:00+0000,0.175781,55.5,28.8
2023-03-28T03:52:00+0000,0.175781,55.483333,28.775
2023-03-28T03:53:00+0000,0.201823,55.525,28.708333
2023-03-28T03:54:00+0000,0.16276,55.583333,28.7
2023-03-28T03:55:00+0000,0.195312,55.7,28.658333
2023-03-28T03:56:00+0000,0.182292,55.75,28.6
2023-03-28T03:57:00+0000,0.16276,55.733333,28.6
2023-03-28T03:58:00+0000,0.169271,55.8,28.6
2023-03-28T03:59:00+0000,0.201823,55.766667,28.6
2023-03-28T04:00:00+0000,0.182292,55.758333,28.583333
2023-03-28T04:01:00+0000,0.175781,55.825,28.508333
2023-03-28T04:02:00+0000,0.182292,55.8,28.5
2023-03-28T04:03:00+0000,0.175781,55.8,28.5
2023-03-28T04:04:00+0000,0.182292,55.833333,28.5
2023-03-28T04:05:00+0000,0.188802,55.925,28.483333
2023-03-28T04:06:00+0000,0.175781,55.916667,28.4
2023-03-28T04:07:00+0000,0.16276,55.925,28.4
2023-03-28T04:08:00+0000,0.188802,55.9,28.4
2023-03-28T04:09:00+0000,0.195312,55.958333,28.4
2023-03-28T04:10:00+0000,0.175781,55.991667,28.4
2023-03-28T04:11:00+0000,0.188802,55.925,28.333333
2023-03-28T04:12:00+0000,0.188802,55.883333,28.358333
2023-03-28T04:13:00+0000,0.188802,55.8,28.391667
2023-03-28T04:14:00+0000,0.195312,55.783333,28.4
2023-03-28T04:15:00+0000,0.169271,55.7,28.4
2023-03-28T04:16:00+0000,0.175781,55.7,28.4
2023-03-28T04:17:00+0000,0.182292,55.775,28.375
2023-03-28T04:18:00+0000,0.16276,55.8,28.3
2023-03-28T04:19:00+0000,0.188802,55.825,28.3
2023-03-28T04:20:00+0000,0.195312,55.883333,28.3
2023-03-28T04:21:00+0000,0.208333,55.9,28.258333
2023-03-28T04:22:00+0000,0.188802,55.9,28.283333
2023-03-28T04:23:00+0000,0.169271,55.933333,28.216667
2023-03-28T04:24:00+0000,0.201823,55.95,28.2
2023-03-28T04:25:00+0000,0.182292,55.808333,28.2
2023-03-28T04:26:00+0000,0.182292,55.783333,28.2
2023-03-28T04:27:00+0000,0.188802,55.7,28.2
2023-03-28T04:28:00+0000,0.182292,55.775,28.2
2023-03-28T04:29:00+0000,0.182292,55.891667,28.2
2023-03-28T04:30:00+0000,0.188802,55.825,28.2
2023-03-28T04:31:00+0000,0.195312,55.775,28.2
2023-03-28T04:32:00+0000,0.188802,55.758333,28.2
2023-03-28T04:33:00+0000,0.169271,55.858333,28.125
2023-03-28T04:34:00+0000,0.182292,55.925,28.1
2023-03-28T04:35:00+0000,0.201823,56.075,28.1
2023-03-28T04:36:00+0000,0.188802,56.183333,28.016667
2023-03-28T04:37:00+0000,0.182292,56.2,28.0
2023-03-28T04:38:00+0000,0.188802,56.2,28.0
2023-03-28T04:39:00+0000,0.175781,56.275,28.0
2023-03-28T04:40:00+0000,0.195312,56.275,28.0
2023-03-28T04:41:00+0000,0.195312,56.325,27.941667
2023-03-28T04:42:00+0000,0.188802,56.3,27.9
2023-03-28T04:43:00+0000,0.169271,56.3,27.908333
2023-03-28T04:44:00+0000,0.169271,56.3,27.9
2023-03-28T04:45:00+0000,0.195312,56.3,27.9
2023-03-28T04:46:00+0000,0.195312,56.458333,27.891667
2023-03-28T04:47:00+0000,0.201823,56.4,27.841667
2023-03-28T04:48:00+0000,0.182292,56.416667,27.8
2023-03-28T04:49:00+0000,0.188802,56.4,27.8
2023-03-28T04:50:00+0000,0.16276,56.4,27.8
2023-03-28T04:51:00+0000,0.182292,56.425,27.8
2023-03-28T04:52:00+0000,0.175781,56.475,27.8
2023-03-28T04:53:00+0000,0.182292,56.416667,27.8
2023-03-28T04:54:00+0000,0.188802,56.441667,27.8
2023-03-28T04:55:00+0000,0.195312,56.408333,27.8
2023-03-28T04:56:00+0000,0.188802,56.4,27.8
2023-03-28T04:57:00+0000,0.182292,56.4,27.8
2023-03-28T04:58:00+0000,0.182292,56.4,27.8
2023-03-28T04:59:00+0000,0.188802,56.4,27.775
2023-03-28T05:00:00+0000,0.169271,56.366667,27.75
2023-03-28T05:01:00+0000,0.188802,56.408333,27.75
2023-03-28T05:02:00+0000,0.175781,56.5,27.7
2023-03-28T05:03:00+0000,0.208333,56.5,27.7
2023-03-28T05:04:00+0000,0.188802,56.566667,27.7
2023-03-28T05:05:00+0000,0.175781,56.558333,27.7
2023-03-28T05:06:00+0000,0.15625,56.608333,27.7
2023-03-28T05:07:00+0000,0.182292,56.65,27.691667
2023-03-28T05:08:00+0000,0.182292,56.7,27.633333
2023-03-28T05:09:00+0000,0.182292,56.708333,27.6
2023-03-28T05:10:00+0000,0.169271,56.708333,27.6
2023-03-28T05:11:00+0000,0.188802,56.7,27.641667
2023-03-28T05:12:00+0000,0.201823,56.7,27.6
2023-03-28T05:13:00+0000,0.175781,56.708333,27.633333
2023-03-28T05:14:00+0000,0.188802,56.708333,27.6
2023-03-28T05:15:00+0000,0.188802,56.783333,27.6
2023-03-28T05:16:00+0000,0.182292,56.841667,27.6
2023-03-28T05:17:00+0000,0.188802,56.833333,27.6
2023-03-28T05:18:00+0000,0.195312,56.8,27.6
2023-03-28T05:19:00+0000,0.175781,56.8,27.6
2023-03-28T05:20:00+0000,0.221354,56.8,27.6
2023-03-28T05:21:00+0000,0.182292,56.8,27.6
2023-03-28T05:22:00+0000,0.195312,56.8,27.6
2023-03-28T05:23:00+0000,0.182292,56.791667,27.6
2023-03-28T05:24:00+0000,0.214844,56.7,27.6
2023-03-28T05:25:00+0000,0.15625,56.658333,27.6
2023-03-28T05:26:00+0000,0.182292,56.516667,27.6
2023-03-28T05:27:00+0000,0.175781,56.566667,27.6
2023-03-28T05:28:00+0000,0.169271,56.775,27.6
2023-03-28T05:29:00+0000,0.169271,56.85,27.566667
2023-03-28T05:30:00+0000,0.182292,56.95,27.5
2023-03-28T05:31:00+0000,0.188802,57.025,27.5
2023-03-28T05:32:00+0000,0.195312,57.1,27.458333
2023-03-28T05:33:00+0000,0.182292,57.175,27.4
2023-03-28T05:34:00+0000,0.169271,57.225,27.4
2023-03-28T05:35:00+0000,0.195312,57.25,27.4
2023-03-28T05:36:00+0000,0.182292,57.175,27.4
2023-03-28T05:37:00+0000,0.182292,57.108333,27.408333
2023-03-28T05:38:00+0000,0.188802,57.166667,27.4
2023-03-28T05:39:00+0000,0.182292,57.208333,27.4
2023-03-28T05:40:00+0000,0.182292,57.233333,27.4
2023-03-28T05:41:00+0000,0.169271,57.2,27.4
2023-03-28T05:42:00+0000,0.195312,57.1,27.425
2023-03-28T05:43:00+0000,0.195312,57.041667,27.45
2023-03-28T05:44:00+0000,0.182292,57.1,27.416667
2023-03-28T05:45:00+0000,0.188802,57.241667,27.4
2023-03-28T05:46:00+0000,0.175781,57.3,27.4
2023-03-28T05:47:00+0000,0.188802,57.316667,27.4
2023-03-28T05:48:00+0000,0.175781,57.358333,27.4
2023-03-28T05:49:00+0000,0.175781,57.416667,27.4
2023-03-28T05:50:00+0000,0.195312,57.45,27.391667
2023-03-28T05:51:00+0000,0.195312,57.525,27.3
2023-03-28T05:52:00+0000,0.175781,57.558333,27.3
2023-03-28T05:53:00+0000,0.182292,57.633333,27.3
2023-03-28T05:54:00+0000,0.16276,57.65,27.3
2023-03-28T05:55:00+0000,0.188802,57.641667,27.3
2023-03-28T05:56:00+0000,0.169271,57.625,27.3
2023-03-28T05:57:00+0000,0.175781,57.7,27.3
2023-03-28T05:58:00+0000,0.169271,57.7,27.3
2023-03-28T05:59:00+0000,0.182292,57.775,27.3
2023-03-28T06:00:00+0000,0.175781,57.833333,27.275
2023-03-28T06:01:00+0000,0.175781,57.833333,27.3
2023-03-28T06:02:00+0000,0.188802,57.808333,27.3
2023-03-28T06:03:00+0000,0.188802,57.708333,27.3
2023-03-28T06:04:00+0000,0.182292,57.725,27.3
2023-03-28T06:05:00+0000,0.16276,57.808333,27.3
2023-03-28T06:06:00+0000,0.175781,57.883333,27.3
2023-03-28T06:07:00+0000,0.175781,57.875,27.3
2023-03-28T06:08:00+0000,0.169271,57.9,27.3
2023-03-28T06:09:00+0000,0.175781,57.9,27.3
2023-03-28T06:10:00+0000,0.175781,58.0,27.208333
2023-03-28T06:11:00+0000,0.182292,58.016667,27.2
2023-03-28T06:12:00+0000,0.188802,58.1,27.2
2023-03-28T06:13:00+0000,0.16276,58.05,27.2
2023-03-28T06:14:00+0000,0.182292,58.1,27.2
2023-03-28T06:15:00+0000,0.175781,58.191667,27.2
2023-03-28T06:16:00+0000,0.201823,58.25,27.2
2023-03-28T06:17:00+0000,0.175781,58.3,27.2
2023-03-28T06:18:00+0000,0.188802,58.3,27.2
2023-03-28T06:19:00+0000,0.15625,58.3,27.2
2023-03-28T06:20:00+0000,0.182292,58.375,27.191667
2023-03-28T06:21:00+0000,0.169271,58.441667,27.125
2023-03-28T06:22:00+0000,0.182292,58.5,27.1
2023-03-28T06:23:00+0000,0.182292,58.5,27.1
2023-03-28T06:24:00+0000,0.188802,58.55,27.1
2023-03-28T06:25:00+0000,0.169271,58.6,27.1
2023-03-28T06:26:00+0000,0.182292,58.708333,27.075
2023-03-28T06:27:00+0000,0.175781,58.841667,27.0
2023-03-28T06:28:00+0000,0.188802,58.858333,27.0
2023-03-28T06:29:00+0000,0.169271,58.9,27.0
2023-03-28T06:30:00+0000,0.169271,58.9,27.0
2023-03-28T06:31:00+0000,0.169271,58.916667,27.0
2023-03-28T06:32:00+0000,0.169271,59.0,27.0
2023-03-28T06:33:00+0000,0.182292,59.1,27.0
2023-03-28T06:34:00+0000,0.182292,59.125,26.983333
2023-03-28T06:35:00+0000,0.175781,59.2,26.966667
2023-03-28T06:36:00+0000,0.208333,59.1,26.991667
2023-03-28T06:37:00+0000,0.169271,59.1,27.0
2023-03-28T06:38:00+0000,0.16276,59.008333,27.0
2023-03-28T06:39:00+0000,0.175781,59.058333,27.0
2023-03-28T06:40:00+0000,0.175781,59.141667,27.0
2023-03-28T06:41:00+0000,0.175781,59.275,26.908333
2023-03-28T06:42:00+0000,0.182292,59.458333,26.9
2023-03-28T06:43:00+0000,0.195312,59.616667,26.883333
2023-03-28T06:44:00+0000,0.169271,59.808333,26.808333
2023-03-28T06:45:00+0000,0.169271,59.95,26.8
2023-03-28T06:46:00+0000,0.182292,60.05,26.783333
2023-03-28T06:47:00+0000,0.169271,60.116667,26.716667
2023-03-28T06:48:00+0000,0.195312,60.15,26.708333
2023-03-28T06:49:00+0000,0.182292,60.2,26.7
2023-03-28T06:50:00+0000,0.188802,60.2,26.7
2023-03-28T06:51:00+0000,0.169271,60.166667,26.7
2023-03-28T06:52:00+0000,0.188802,60.175,26.716667
2023-03-28T06:53:00+0000,0.182292,60.275,26.7
2023-03-28T06:54:00+0000,0.169271,60.366667,26.7
2023-03-28T06:55:00+0000,0.195312,60.4,26.7
2023-03-28T06:56:00+0000,0.188802,60.441667,26.7
2023-03-28T06:57:00+0000,0.175781,60.5,26.608333
2023-03-28T06:58:00+0000,0.182292,60.508333,26.608333
2023-03-28T06:59:00+0000,0.169271,60.608333,26.6
2023-03-28T07:00:00+0000,0.169271,60.708333,26.6
2023-03-28T07:01:00+0000,0.169271,60.8,26.6
2023-03-28T07:02:00+0000,0.169271,60.725,26.6
2023-03-28T07:03:00+0000,0.188802,60.625,26.6
2023-03-28T07:04:00+0000,0.182292,60.658333,26.6
2023-03-28T07:05:00+0000,0.195312,60.766667,26.6
2023-03-28T07:06:00+0000,0.182292,60.808333,26.583333
2023-03-28T07:07:00+0000,0.195312,60.875,26.558333
2023-03-28T07:08:00+0000,0.175781,60.9,26.575
2023-03-28T07:09:00+0000,0.175781,60.908333,26.525
2023-03-28T07:10:00+0000,0.175781,60.991667,26.5
2023-03-28T07:11:00+0000,0.169271,60.966667,26.5
2023-03-28T07:12:00+0000,0.175781,61.0,26.5
2023-03-28T07:13:00+0000,0.175781,61.033333,26.5
2023-03-28T07:14:00+0000,0.188802,61.033333,26.5
2023-03-28T07:15:00+0000,0.182292,61.025,26.5
2023-03-28T07:16:00+0000,0.16276,61.0,26.5
2023-03-28T07:17:00+0000,0.175781,61.0,26.5
2023-03-28T07:18:00+0000,0.175781,61.0,26.5
2023-03-28T07:19:00+0000,0.169271,61.1,26.5
2023-03-28T07:20:00+0000,0.195312,61.233333,26.45
2023-03-28T07:21:00+0000,0.182292,61.266667,26.4
2023-03-28T07:22:00+0000,0.175781,61.3,26.4
2023-03-28T07:23:00+0000,0.188802,61.3,26.4
2023-03-28T07:24:00+0000,0.195312,61.391667,26.4
2023-03-28T07:25:00+0000,0.16276,61.3,26.4
2023-03-28T07:26:00+0000,0.169271,61.4,26.4
2023-03-28T07:27:00+0000,0.188802,61.458333,26.4
2023-03-28T07:28:00+0000,0.182292,61.591667,26.391667
2023-03-28T07:29:00+0000,0.169271,61.6,26.316667
2023-03-28T07:30:00+0000,0.169271,61.6,26.358333
2023-03-28T07:31:00+0000,0.169271,61.6,26.316667
2023-03-28T07:32:00+0000,0.182292,61.691667,26.3
2023-03-28T07:33:00+0000,0.182292,61.7,26.3
2023-03-28T07:34:00+0000,0.188802,61.7,26.3
2023-03-28T07:35:00+0000,0.201823,61.641667,26.3
2023-03-28T07:36:00+0000,0.175781,61.5,26.358333
2023-03-28T07:37:00+0000,0.182292,61.358333,26.4
2023-03-28T07:38:00+0000,0.188802,61.3,26.4
2023-03-28T07:39:00+0000,0.182292,61.383333,26.4
2023-03-28T07:40:00+0000,0.182292,61.533333,26.35
2023-03-28T07:41:00+0000,0.169271,61.575,26.3
2023-03-28T07:42:00+0000,0.182292,61.575,26.3
2023-03-28T07:43:00+0000,0.188802,61.608333,26.3
2023-03-28T07:44:00+0000,0.182292,61.6,26.3
2023-03-28T07:45:00+0000,0.175781,61.6,26.3
2023-03-28T07:46:00+0000,0.175781,61.625,26.3
2023-03-28T07:47:00+0000,0.182292,61.575,26.3
2023-03-28T07:48:00+0000,0.195312,61.575,26.3
2023-03-28T07:49:00+0000,0.188802,61.558333,26.3
2023-03-28T07:50:00+0000,0.195312,61.383333,26.3
2023-03-28T07:51:00+0000,0.201823,61.3,26.358333
2023-03-28T07:52:00+0000,0.169271,61.3,26.366667
2023-03-28T07:53:00+0000,0.182292,61.3,26.4
2023-03-28T07:54:00+0000,0.182292,61.316667,26.375
2023-03-28T07:55:00+0000,0.195312,61.4,26.3
2023-03-28T07:56:00+0000,0.182292,61.4,26.3
2023-03-28T07:57:00+0000,0.195312,61.4,26.3
2023-03-28T07:58:00+0000,0.201823,61.441667,26.3
2023-03-28T07:59:00+0000,0.188802,61.566667,26.3
2023-03-28T08:00:00+0000,0.201823,61.616667,26.3
2023-03-28T08:01:00+0000,0.169271,61.7,26.275
2023-03-28T08:02:00+0000,0.182292,61.775,26.208333
2023-03-28T08:03:00+0000,0.201823,61.8,26.2
2023-03-28T08:04:00+0000,0.201823,61.8,26.2
2023-03-28T08:05:00+0000,0.188802,61.791667,26.2
2023-03-28T08:06:00+0000,0.169271,61.783333,26.2
2023-03-28T08:07:00+0000,0.195312,61.825,26.2
2023-03-28T08:08:00+0000,0.195312,61.991667,26.2
2023-03-28T08:09:00+0000,0.188802,62.0,26.2
2023-03-28T08:10:00+0000,0.169271,62.0,26.2
2023-03-28T08:11:00+0000,0.175781,62.0,26.2
2023-03-28T08:12:00+0000,0.201823,62.0,26.2
2023-03-28T08:13:00+0000,0.175781,61.983333,26.2
2023-03-28T08:14:00+0000,0.169271,61.983333,26.2
2023-03-28T08:15:00+0000,0.182292,62.008333,26.2
2023-03-28T08:16:00+0000,0.188802,62.1,26.15
2023-03-28T08:17:00+0000,0.188802,62.1,26.1
2023-03-28T08:18:00+0000,0.188802,62.1,26.191667
2023-03-28T08:19:00+0000,0.188802,62.1,26.2
2023-03-28T08:20:00+0000,0.15625,62.116667,26.175
2023-03-28T08:21:00+0000,0.169271,62.258333,26.1
2023-03-28T08:22:00+0000,0.182292,62.341667,26.1
2023-03-28T08:23:00+0000,0.195312,62.4,26.1
2023-03-28T08:24:00+0000,0.195312,62.4,26.1
2023-03-28T08:25:00+0000,0.175781,62.458333,26.1
2023-03-28T08:26:00+0000,0.16276,62.516667,26.05
2023-03-28T08:27:00+0000,0.188802,62.566667,26.008333
2023-03-28T08:28:00+0000,0.182292,62.55,26.0
2023-03-28T08:29:00+0000,0.188802,62.6,26.033333
2023-03-28T08:30:00+0000,0.15625,62.683333,26.0
2023-03-28T08:31:00+0000,0.16276,62.7,26.0
2023-03-28T08:32:00+0000,0.195312,62.658333,26.0
2023-03-28T08:33:00+0000,0.182292,62.6,26.025
2023-03-28T08:34:00+0000,0.188802,62.6,26.091667
2023-03-28T08:35:00+0000,0.188802,62.6,26.066667
2023-03-28T08:36:00+0000,0.182292,62.6,26.091667
2023-03-28T08:37:00+0000,0.175781,62.625,26.041667
2023-03-28T08:38:00+0000,0.175781,62.7,26.0
2023-03-28T08:39:00+0000,0.188802,62.7,26.008333
2023-03-28T08:40:00+0000,0.182292,62.7,26.0
2023-03-28T08:41:00+0000,0.175781,62.725,26.0
2023-03-28T08:42:00+0000,0.175781,62.808333,26.0
2023-03-28T08:43:00+0000,0.175781,62.9,26.0
2023-03-28T08:44:00+0000,0.195312,62.95,26.0
2023-03-28T08:45:00+0000,0.175781,62.9,26.0
2023-03-28T08:46:00+0000,0.201823,62.9,26.0
2023-03-28T08:47:00+0000,0.175781,62.908333,26.0
2023-03-28T08:48:00+0000,0.182292,62.958333,26.0
2023-03-28T08:49:00+0000,0.16276,62.983333,26.0
2023-03-28T08:50:00+0000,0.188802,63.0,26.0
2023-03-28T08:51:00+0000,0.182292,63.0,26.0
2023-03-28T08:52:00+0000,0.182292,63.033333,26.0
2023-03-28T08:53:00+0000,0.16276,63.1,25.991667
2023-03-28T08:54:00+0000,0.169271,63.175,25.908333
2023-03-28T08:55:00+0000,0.182292,63.166667,25.9
2023-03-28T08:56:00+0000,0.169271,63.225,25.9
2023-03-28T08:57:00+0000,0.182292,63.283333,25.9
2023-03-28T08:58:00+0000,0.16276,63.2,25.9
2023-03-28T08:59:00+0000,0.16276,63.091667,25.966667
2023-03-28T09:00:00+0000,0.16276,63.0,26.0
2023-03-28T09:01:00+0000,0.175781,62.908333,26.0
2023-03-28T09:02:00+0000,0.188802,62.9,26.0
2023-03-28T09:03:00+0000,0.195312,62.9,26.0
2023-03-28T09:04:00+0000,0.195312,62.9,26.0
2023-03-28T09:05:00+0000,0.188802,62.925,26.0
2023-03-28T09:06:00+0000,0.182292,63.075,26.0
2023-03-28T09:07:00+0000,0.195312,63.175,25.941667
2023-03-28T09:08:00+0000,0.195312,63.291667,25.9
2023-03-28T09:09:00+0000,0.175781,63.3,25.9
2023-03-28T09:10:00+0000,0.175781,63.308333,25.9
2023-03-28T09:11:00+0000,0.175781,63.325,25.9
2023-03-28T09:12:00+0000,0.182292,63.25,25.9
2023-03-28T09:13:00+0000,0.169271,63.133333,25.958333
2023-03-28T09:14:00+0000,0.195312,63.0,26.0
2023-03-28T09:15:00+0000,0.182292,63.0,26.0
2023-03-28T09:16:00+0000,0.169271,63.0,26.0
2023-03-28T09:17:00+0000,0.182292,63.05,26.0
2023-03-28T09:18:00+0000,0.16276,63.05,25.958333
2023-03-28T09:19:00+0000,0.182292,63.075,25.958333
2023-03-28T09:20:00+0000,0.182292,63.091667,25.916667
2023-03-28T09:21:00+0000,0.175781,63.091667,25.9
2023-03-28T09:22:00+0000,0.169271,63.1,25.9
2023-03-28T09:23:00+0000,0.16276,63.1,25.9
2023-03-28T09:24:00+0000,0.175781,63.2,25.9
2023-03-28T09:25:00+0000,0.195312,63.158333,25.9
2023-03-28T09:26:00+0000,0.169271,63.1,25.9
2023-03-28T09:27:00+0000,0.182292,63.133333,25.9
2023-03-28T09:28:00+0000,0.182292,63.033333,25.9
2023-03-28T09:29:00+0000,0.182292,63.0,25.9
2023-03-28T09:30:00+0000,0.182292,62.933333,25.9
2023-03-28T09:31:00+0000,0.175781,62.9,25.9
2023-03-28T09:32:00+0000,0.182292,62.875,25.9
2023-03-28T09:33:00+0000,0.175781,62.85,25.9
2023-03-28T09:34:00+0000,0.175781,62.775,25.9
2023-03-28T09:35:00+0000,0.182292,62.7,25.9
2023-03-28T09:36:00+0000,0.201823,62.7,25.9
2023-03-28T09:37:00+0000,0.201823,62.7,25.9
2023-03-28T09:38:00+0000,0.214844,62.758333,25.9
2023-03-28T09:39:00+0000,0.195312,62.833333,25.891667
2023-03-28T09:40:00+0000,0.15625,62.875,25.833333
2023-03-28T09:41:00+0000,0.188802,62.85,25.808333
2023-03-28T09:42:00+0000,0.169271,62.791667,25.8
2023-03-28T09:43:00+0000,0.188802,62.708333,25.883333
2023-03-28T09:44:00+0000,0.195312,62.8,25.833333
2023-03-28T09:45:00+0000,0.201823,62.766667,25.8
2023-03-28T09:46:00+0000,0.182292,62.8,25.8
2023-03-28T09:47:00+0000,0.182292,62.741667,25.8
2023-03-28T09:48:00+0000,0.175781,62.733333,25.8
2023-03-28T09:49:00+0000,0.182292,62.7,25.8
2023-03-28T09:50:00+0000,0.182292,62.7,25.8
2023-03-28T09:51:00+0000,0.175781,62.658333,25.8
2023-03-28T09:52:00+0000,0.188802,62.6,25.8
2023-03-28T09:53:00+0000,0.169271,62.583333,25.8
2023-03-28T09:54:00+0000,0.188802,62.541667,25.8
2023-03-28T09:55:00+0000,0.188802,62.591667,25.8
2023-03-28T09:56:00+0000,0.169271,62.575,25.783333
2023-03-28T09:57:00+0000,0.188802,62.5,25.8
2023-03-28T09:58:00+0000,0.175781,62.5,25.8
2023-03-28T09:59:00+0000,0.169271,62.5,25.8
2023-03-28T10:00:00+0000,0.182292,62.5,25.758333
2023-03-28T10:01:00+0000,0.169271,62.408333,25.783333
2023-03-28T10:02:00+0000,0.188802,62.4,25.8
2023-03-28T10:03:00+0000,0.182292,62.4,25.8
2023-03-28T10:04:00+0000,0.182292,62.325,25.8
2023-03-28T10:05:00+0000,0.195312,62.4,25.766667
2023-03-28T10:06:00+0000,0.188802,62.35,25.725
2023-03-28T10:07:00+0000,0.188802,62.383333,25.716667
2023-03-28T10:08:00+0000,0.188802,62.4,25.708333
2023-03-28T10:09:00+0000,0.169271,62.391667,25.7
2023-03-28T10:10:00+0000,0.175781,62.3,25.7
2023-03-28T10:11:00+0000,0.182292,62.275,25.7
2023-03-28T10:12:00+0000,0.182292,62.2,25.708333
2023-03-28T10:13:00+0000,0.182292,62.2,25.75
2023-03-28T10:14:00+0000,0.195312,62.141667,25.75
2023-03-28T10:15:00+0000,0.175781,62.1,25.716667
2023-03-28T10:16:00+0000,0.169271,62.1,25.708333
2023-03-28T10:17:00+0000,0.188802,62.158333,25.708333
2023-03-28T10:18:00+0000,0.169271,62.241667,25.7
2023-03-28T10:19:00+0000,0.188802,62.3,25.7
2023-03-28T10:20:00+0000,0.169271,62.3,25.7
2023-03-28T10:21:00+0000,0.175781,62.191667,25.7
2023-03-28T10:22:00+0000,0.201823,62.083333,25.7
2023-03-28T10:23:00+0000,0.201823,62.1,25.7
2023-03-28T10:24:00+0000,0.175781,62.075,25.7
2023-03-28T10:25:00+0000,0.182292,62.158333,25.7
2023-03-28T10:26:00+0000,0.175781,62.258333,25.616667
2023-03-28T10:27:00+0000,0.182292,62.341667,25.6
2023-03-28T10:28:00+0000,0.182292,62.491667,25.6
2023-03-28T10:29:00+0000,0.208333,62.316667,25.6
2023-03-28T10:30:00+0000,0.188802,62.25,25.6
2023-03-28T10:31:00+0000,0.188802,62.183333,25.6
2023-03-28T10:32:00+0000,0.195312,62.133333,25.6
2023-03-28T10:33:00+0000,0.201823,62.075,25.6
2023-03-28T10:34:00+0000,0.227865,61.925,25.691667
2023-03-28T10:35:00+0000,0.214844,61.766667,25.7
2023-03-28T10:36:00+0000,0.221354,61.65,25.716667
2023-03-28T10:37:00+0000,0.234375,61.425,25.8
2023-03-28T10:38:00+0000,0.266927,61.4,25.8
2023-03-28T10:39:00+0000,0.31901,61.625,25.766667
2023-03-28T10:40:00+0000,0.371094,61.7,25.7
2023-03-28T10:41:00+0000,0.442708,61.766667,25.7
2023-03-28T10:42:00+0000,0.546875,61.758333,25.7
2023-03-28T10:43:00+0000,0.703125,61.708333,25.7
2023-03-28T10:44:00+0000,0.852865,61.7,25.7
2023-03-28T10:45:00+0000,1.178385,61.783333,25.7
2023-03-28T10:46:00+0000,1.777344,61.733333,25.7
2023-03-28T10:47:00+0000,2.220052,61.808333,25.7
2023-03-28T10:48:00+0000,2.02474,61.883333,25.7
2023-03-28T10:49:00+0000,1.783854,61.708333,25.7
2023-03-28T10:50:00+0000,1.88151,61.65,25.741667
2023-03-28T10:51:00+0000,2.083333,61.6,25.791667
2023-03-28T10:52:00+0000,2.356771,61.616667,25.775
2023-03-28T10:53:00+0000,2.610677,61.633333,25.716667
2023-03-28T10:54:00+0000,2.897135,61.641667,25.7
2023-03-28T10:55:00+0000,1.497396,61.8,25.7
2023-03-28T10:56:00+0000,1.822917,61.85,25.7
2023-03-28T10:57:00+0000,2.981771,61.858333,25.7
2023-03-28T10:58:00+0000,5.970052,61.833333,25.7
2023-03-28T10:59:00+0000,7.200521,61.866667,25.7
2023-03-28T11:00:00+0000,8.697917,61.858333,25.691667
2023-03-28T11:01:00+0000,10.221354,61.841667,25.691667
2023-03-28T11:02:00+0000,11.295573,61.816667,25.7
2023-03-28T11:03:00+0000,7.64974,61.791667,25.7
2023-03-28T11:04:00+0000,6.223958,61.775,25.7
2023-03-28T11:05:00+0000,8.736979,61.666667,25.7
2023-03-28T11:06:00+0000,14.498698,61.6,25.716667
2023-03-28T11:07:00+0000,15.299479,61.55,25.716667
2023-03-28T11:08:00+0000,16.386719,61.533333,25.733333
2023-03-28T11:09:00+0000,17.35026,61.475,25.766667
2023-03-28T11:10:00+0000,18.326823,61.383333,25.8
2023-03-28T11:11:00+0000,19.21224,61.358333,25.8
2023-03-28T11:12:00+0000,20.136719,61.4,25.8
2023-03-28T11:13:00+0000,21.126302,61.333333,25.8
2023-03-28T11:14:00+0000,22.454427,61.3,25.85
2023-03-28T11:15:00+0000,24.700521,61.325,25.9
2023-03-28T11:16:00+0000,26.861979,61.3,25.9
2023-03-28T11:17:00+0000,27.369792,61.333333,25.9
2023-03-28T11:18:00+0000,25.123698,61.383333,25.9
2023-03-28T11:19:00+0000,27.246094,61.45,25.9
2023-03-28T11:20:00+0000,27.669271,61.5,25.9
2023-03-28T11:21:00+0000,27.526042,61.575,25.9
2023-03-28T11:22:00+0000,29.205729,61.6,25.9
2023-03-28T11:23:00+0000,28.841146,61.666667,25.9
2023-03-28T11:24:00+0000,31.354167,61.708333,25.9
2023-03-28T11:25:00+0000,39.348958,61.775,25.9
2023-03-28T11:26:00+0000,43.352865,61.625,25.958333
2023-03-28T11:27:00+0000,45.091146,61.491667,26.0
2023-03-28T11:28:00+0000,38.990885,61.4,26.0
2023-03-28T11:29:00+0000,34.401042,61.5,26.008333
2023-03-28T11:30:00+0000,33.658854,61.575,26.0
2023-03-28T11:31:00+0000,31.308594,61.716667,26.0
2023-03-28T11:32:00+0000,31.464844,61.8,25.991667
2023-03-28T11:33:00+0000,32.109375,61.933333,25.941667
2023-03-28T11:34:00+0000,32.96224,62.033333,25.9
2023-03-28T11:35:00+0000,33.91276,62.116667,25.9
2023-03-28T11:36:00+0000,34.902344,62.2,25.9
2023-03-28T11:37:00+0000,35.983073,62.3,25.9
2023-03-28T11:38:00+0000,37.259115,62.3,25.9
2023-03-28T11:39:00+0000,38.684896,62.308333,25.9
2023-03-28T11:40:00+0000,40.227865,62.325,25.9
2023-03-28T11:41:00+0000,41.979167,62.35,25.9
2023-03-28T11:42:00+0000,44.108073,62.425,25.9
2023-03-28T11:43:00+0000,43.417969,62.466667,25.9
2023-03-28T11:44:00+0000,45.013021,62.5,25.9
2023-03-28T11:45:00+0000,52.682292,62.491667,25.9
2023-03-28T11:46:00+0000,66.289062,62.4,25.9
2023-03-28T11:47:00+0000,73.183594,62.4,25.966667
2023-03-28T11:48:00+0000,76.210938,62.225,26.0
2023-03-28T11:49:00+0000,85.423177,62.15,26.075
2023-03-28T11:50:00+0000,87.96875,62.166667,26.1
2023-03-28T11:51:00+0000,88.411458,62.141667,26.1
2023-03-28T11:52:00+0000,92.200521,61.991667,26.191667
2023-03-28T11:53:00+0000,97.617188,61.866667,26.2
2023-03-28T11:54:00+0000,109.752604,61.675,26.233333
2023-03-28T11:55:00+0000,123.229167,61.591667,26.3
2023-03-28T11:56:00+0000,133.645833,61.325,26.35
2023-03-28T11:57:00+0000,131.777344,60.958333,26.45
2023-03-28T11:58:00+0000,122.897135,60.825,26.533333
2023-03-28T11:59:00+0000,100.358073,60.641667,26.6
2023-03-28T12:00:00+0000,87.115885,60.608333,26.6
2023-03-28T12:01:00+0000,75.709635,60.716667,26.55
2023-03-28T12:02:00+0000,83.457031,60.9,26.5
2023-03-28T12:03:00+0000,94.147135,61.1,26.5
2023-03-28T12:04:00+0000,91.757812,60.925,26.475
2023-03-28T12:05:00+0000,81.686198,60.958333,26.466667
2023-03-28T12:06:00+0000,93.033854,61.141667,26.45
2023-03-28T12:07:00+0000,84.479167,61.066667,26.491667
2023-03-28T12:08:00+0000,93.320312,61.083333,26.5
2023-03-28T12:09:00+0000,95.800781,60.925,26.5
2023-03-28T12:10:00+0000,96.451823,61.058333,26.5
2023-03-28T12:11:00+0000,123.151042,61.125,26.5
2023-03-28T12:12:00+0000,136.223958,61.125,26.541667
2023-03-28T12:13:00+0000,129.277344,60.791667,26.625
2023-03-28T12:14:00+0000,104.407552,60.633333,26.7
2023-03-28T12:15:00+0000,105.130208,60.6,26.7
2023-03-28T12:16:00+0000,106.10026,60.6,26.7
2023-03-28T12:17:00+0000,110.110677,60.541667,26.7
2023-03-28T12:18:00+0000,100.358073,60.575,26.7
2023-03-28T12:19:00+0000,104.446615,60.6,26.625
2023-03-28T12:20:00+0000,142.233073,60.591667,26.6
2023-03-28T12:21:00+0000,197.096354,60.433333,26.683333
2023-03-28T12:22:00+0000,204.700521,60.366667,26.775
2023-03-28T12:23:00+0000,153.111979,59.991667,26.9
2023-03-28T12:24:00+0000,213.457031,59.8,26.975
2023-03-28T12:25:00+0000,242.708333,59.483333,27.05
2023-03-28T12:26:00+0000,264.485677,59.166667,27.166667
2023-03-28T12:27:00+0000,270.338542,58.741667,27.316667
2023-03-28T12:28:00+0000,266.666667,58.308333,27.441667
2023-03-28T12:29:00+0000,272.421875,58.008333,27.566667
2023-03-28T12:30:00+0000,279.433594,57.741667,27.608333
2023-03-28T12:31:00+0000,142.35026,57.525,27.675
2023-03-28T12:32:00+0000,292.513021,57.716667,27.6
2023-03-28T12:33:00+0000,291.972656,57.683333,27.666667
2023-03-28T12:34:00+0000,287.682292,57.375,27.75
2023-03-28T12:35:00+0000,286.113281,57.175,27.833333
2023-03-28T12:36:00+0000,304.69401,57.141667,27.891667
2023-03-28T12:37:00+0000,344.446615,57.091667,27.9
2023-03-28T12:38:00+0000,347.167969,56.9,28.033333
2023-03-28T12:39:00+0000,346.165365,56.641667,28.166667
2023-03-28T12:40:00+0000,345.449219,56.258333,28.275
2023-03-28T12:41:00+0000,361.953125,56.108333,28.366667
2023-03-28T12:42:00+0000,331.523438,55.575,28.483333
2023-03-28T12:43:00+0000,247.630208,55.491667,28.5
2023-03-28T12:44:00+0000,323.229167,55.641667,28.5
2023-03-28T12:45:00+0000,422.050781,55.391667,28.5
2023-03-28T12:46:00+0000,432.636719,55.183333,28.591667
2023-03-28T12:47:00+0000,438.365885,55.158333,28.6
2023-03-28T12:48:00+0000,448.951823,54.958333,28.591667
2023-03-28T12:49:00+0000,454.902344,55.1,28.508333
2023-03-28T12:50:00+0000,461.660156,55.041667,28.6
2023-03-28T12:51:00+0000,324.036458,54.95,28.658333
2023-03-28T12:52:00+0000,258.580729,55.033333,28.625
2023-03-28T12:53:00+0000,319.667969,55.091667,28.666667
2023-03-28T12:54:00+0000,244.205729,54.791667,28.75
2023-03-28T12:55:00+0000,269.114583,54.691667,28.625
2023-03-28T12:56:00+0000,348.515625,55.258333,28.5
2023-03-28T12:57:00+0000,378.496094,55.266667,28.5
2023-03-28T12:58:00+0000,366.308594,55.15,28.591667
2023-03-28T12:59:00+0000,359.635417,55.15,28.6
2023-03-28T13:00:00+0000,476.061198,55.158333,28.6
2023-03-28T13:01:00+0000,494.160156,55.258333,28.8
2023-03-28T13:02:00+0000,449.628906,54.283333,29.091667
2023-03-28T13:03:00+0000,512.936198,53.633333,29.2
2023-03-28T13:04:00+0000,534.511719,53.633333,29.25
2023-03-28T13:05:00+0000,448.170573,53.625,29.441667
2023-03-28T13:06:00+0000,410.455729,52.916667,29.5
2023-03-28T13:07:00+0000,473.613281,53.058333,29.5
2023-03-28T13:08:00+0000,549.108073,53.025,29.575
2023-03-28T13:09:00+0000,562.988281,52.4,29.741667
2023-03-28T13:10:00+0000,564.772135,52.166667,29.825
2023-03-28T13:11:00+0000,569.38151,51.791667,29.95
2023-03-28T13:12:00+0000,515.14974,51.608333,30.0
2023-03-28T13:13:00+0000,447.721354,51.625,30.0
2023-03-28T13:14:00+0000,468.658854,51.233333,29.958333
2023-03-28T13:15:00+0000,420.026042,51.716667,29.808333
2023-03-28T13:16:00+0000,338.893229,51.933333,29.725
2023-03-28T13:17:00+0000,329.544271,52.133333,29.683333
2023-03-28T13:18:00+0000,315.286458,52.258333,29.7
2023-03-28T13:19:00+0000,257.220052,51.85,29.616667
2023-03-28T13:20:00+0000,265.865885,52.325,29.366667
2023-03-28T13:21:00+0000,489.954427,53.016667,29.15
2023-03-28T13:22:00+0000,610.234375,53.241667,29.216667
2023-03-28T13:23:00+0000,398.111979,53.008333,29.4
2023-03-28T13:24:00+0000,314.257812,52.8,29.5
2023-03-28T13:25:00+0000,431.25651,52.608333,29.575
2023-03-28T13:26:00+0000,443.489583,52.183333,29.583333
2023-03-28T13:27:00+0000,535.182292,52.525,29.55
2023-03-28T13:28:00+0000,455.690104,52.308333,29.75
2023-03-28T13:29:00+0000,530.872396,51.616667,29.925
2023-03-28T13:30:00+0000,463.385417,51.258333,30.0
2023-03-28T13:31:00+0000,384.06901,51.375,30.0
2023-03-28T13:32:00+0000,242.317708,51.175,30.008333
2023-03-28T13:33:00+0000,265.865885,51.516667,29.85
2023-03-28T13:34:00+0000,430.026042,51.883333,29.691667
2023-03-28T13:35:00+0000,595.579427,51.95,29.608333
2023-03-28T13:36:00+0000,591.764323,51.933333,29.725
2023-03-28T13:37:00+0000,588.925781,51.375,29.8
2023-03-28T13:38:00+0000,594.355469,51.508333,29.883333
2023-03-28T13:39:00+0000,610.455729,51.241667,30.008333
2023-03-28T13:40:00+0000,616.523438,50.958333,30.175
2023-03-28T13:41:00+0000,619.440104,50.45,30.341667
2023-03-28T13:42:00+0000,617.1875,50.058333,30.483333
2023-03-28T13:43:00+0000,616.627604,49.925,30.5
2023-03-28T13:44:00+0000,620.598958,49.816667,30.5
2023-03-28T13:45:00+0000,623.190104,49.841667,30.533333
2023-03-28T13:46:00+0000,625.338542,50.041667,30.666667
2023-03-28T13:47:00+0000,626.621094,49.425,30.925
2023-03-28T13:48:00+0000,628.372396,48.725,31.066667
2023-03-28T13:49:00+0000,630.950521,48.891667,31.133333
2023-03-28T13:50:00+0000,631.061198,48.383333,31.291667
2023-03-28T13:51:00+0000,635.46875,48.025,31.391667
2023-03-28T13:52:00+0000,636.24349,47.983333,31.45
2023-03-28T13:53:00+0000,638.066406,47.833333,31.616667
2023-03-28T13:54:00+0000,639.674479,46.975,31.775
2023-03-28T13:55:00+0000,641.71875,46.925,31.691667
2023-03-28T13:56:00+0000,643.821615,47.35,31.6
2023-03-28T13:57:00+0000,646.458333,47.425,31.591667
2023-03-28T13:58:00+0000,648.808594,47.333333,31.433333
2023-03-28T13:59:00+0000,651.972656,48.041667,31.3
2023-03-28T14:00:00+0000,655.00651,47.941667,31.3
2023-03-28T14:01:00+0000,657.747396,47.85,31.316667
2023-03-28T14:02:00+0000,661.55599,47.608333,31.4
2023-03-28T14:03:00+0000,664.134115,47.175,31.4
2023-03-28T14:04:00+0000,666.822917,47.225,31.3
2023-03-28T14:05:00+0000,670.091146,47.591667,31.308333
2023-03-28T14:06:00+0000,671.790365,47.258333,31.366667
2023-03-28T14:07:00+0000,674.544271,47.308333,31.233333
2023-03-28T14:08:00+0000,676.24349,47.783333,31.2
2023-03-28T14:09:00+0000,680.904948,48.15,31.125
2023-03-28T14:10:00+0000,683.691406,48.458333,31.191667
2023-03-28T14:11:00+0000,686.673177,48.116667,31.358333
2023-03-28T14:12:00+0000,690.15625,47.875,31.408333
2023-03-28T14:13:00+0000,693.352865,47.508333,31.483333
2023-03-28T14:14:00+0000,697.259115,47.275,31.441667
2023-03-28T14:15:00+0000,700.299479,47.5,31.558333
2023-03-28T14:16:00+0000,703.684896,47.225,31.641667
2023-03-28T14:17:00+0000,706.770833,46.716667,31.7
2023-03-28T14:18:00+0000,710.15625,46.933333,31.725
2023-03-28T14:19:00+0000,712.526042,46.791667,31.925
2023-03-28T14:20:00+0000,716.10026,46.0,32.083333
2023-03-28T14:21:00+0000,719.147135,46.283333,32.0
2023-03-28T14:22:00+0000,721.738281,46.566667,31.9
2023-03-28T14:23:00+0000,723.613281,46.4,31.875
2023-03-28T14:24:00+0000,726.373698,46.666667,31.891667
2023-03-28T14:25:00+0000,730.527344,46.366667,32.05
2023-03-28T14:26:00+0000,734.095052,45.883333,32.291667
2023-03-28T14:27:00+0000,737.167969,45.508333,32.316667
2023-03-28T14:28:00+0000,739.244792,46.066667,32.225
2023-03-28T14:29:00+0000,741.575521,45.391667,32.4
2023-03-28T14:30:00+0000,744.746094,45.175,32.225
2023-03-28T14:31:00+0000,747.825521,46.25,32.0
2023-03-28T14:32:00+0000,751.061198,45.708333,32.116667
2023-03-28T14:33:00+0000,754.179688,45.85,32.175
2023-03-28T14:34:00+0000,756.972656,45.841667,32.391667
2023-03-28T14:35:00+0000,759.882812,44.908333,32.666667
2023-03-28T14:36:00+0000,763.404948,44.583333,32.658333
2023-03-28T14:37:00+0000,767.324219,45.275,32.483333
2023-03-28T14:38:00+0000,768.763021,45.508333,32.375
2023-03-28T14:39:00+0000,771.55599,45.2,32.283333
2023-03-28T14:40:00+0000,774.69401,45.283333,32.141667
2023-03-28T14:41:00+0000,777.207031,45.658333,32.0
2023-03-28T14:42:00+0000,779.934896,46.058333,32.058333
2023-03-28T14:43:00+0000,782.727865,45.541667,32.258333
2023-03-28T14:44:00+0000,785.390625,45.408333,32.358333
2023-03-28T14:45:00+0000,788.710938,44.983333,32.566667
2023-03-28T14:46:00+0000,792.721354,44.625,32.6
2023-03-28T14:47:00+0000,795.286458,44.808333,32.658333
2023-03-28T14:48:00+0000,798.89974,44.633333,32.8
2023-03-28T14:49:00+0000,800.078125,44.366667,32.891667
2023-03-28T14:50:00+0000,548.815104,44.225,32.983333
2023-03-28T14:51:00+0000,805.78776,43.983333,33.075
2023-03-28T14:52:00+0000,808.769531,43.775,33.2
2023-03-28T14:53:00+0000,812.838542,43.575,33.141667
2023-03-28T14:54:00+0000,814.960938,43.616667,32.966667
2023-03-28T14:55:00+0000,816.673177,44.016667,32.875
2023-03-28T14:56:00+0000,820.338542,44.025,32.958333
2023-03-28T14:57:00+0000,822.135417,43.816667,33.083333
2023-03-28T14:58:00+0000,823.476562,43.441667,33.183333
2023-03-28T14:59:00+0000,826.028646,43.008333,33.2
2023-03-28T15:00:00+0000,828.313802,43.4,33.3
2023-03-28T15:01:00+0000,831.673177,42.65,33.383333
2023-03-28T15:02:00+0000,834.199219,43.016667,33.3
2023-03-28T15:03:00+0000,837.428385,42.833333,33.4
2023-03-28T15:04:00+0000,840.416667,42.791667,33.283333
2023-03-28T15:05:00+0000,843.834635,42.883333,33.05
2023-03-28T15:06:00+0000,846.86849,43.591667,32.85
2023-03-28T15:07:00+0000,848.652344,44.025,32.925
2023-03-28T15:08:00+0000,850.292969,43.683333,33.208333
2023-03-28T15:09:00+0000,850.644531,42.641667,33.525
2023-03-28T15:10:00+0000,852.141927,42.108333,33.733333
2023-03-28T15:11:00+0000,856.113281,41.9,33.925
2023-03-28T15:12:00+0000,859.401042,41.433333,33.791667
2023-03-28T15:13:00+0000,862.708333,42.3,33.408333
2023-03-28T15:14:00+0000,864.980469,42.916667,33.333333
2023-03-28T15:15:00+0000,866.432292,42.625,33.458333
2023-03-28T15:16:00+0000,867.49349,42.375,33.5
2023-03-28T15:17:00+0000,869.661458,42.241667,33.5
2023-03-28T15:18:00+0000,871.803385,42.491667,33.441667
2023-03-28T15:19:00+0000,873.795573,42.4,33.475
2023-03-28T15:20:00+0000,877.584635,42.425,33.5
2023-03-28T15:21:00+0000,881.516927,42.341667,33.358333
2023-03-28T15:22:00+0000,884.348958,42.783333,33.2
2023-03-28T15:23:00+0000,886.699219,42.991667,33.225
2023-03-28T15:24:00+0000,887.597656,42.841667,33.416667
2023-03-28T15:25:00+0000,889.21875,42.341667,33.741667
2023-03-28T15:26:00+0000,891.888021,42.033333,34.041667
2023-03-28T15:27:00+0000,895.397135,41.475,34.391667
2023-03-28T15:28:00+0000,897.207031,40.6,34.675
2023-03-28T15:29:00+0000,898.183594,40.45,34.558333
2023-03-28T15:30:00+0000,901.432292,40.683333,34.5
2023-03-28T15:31:00+0000,903.261719,40.925,34.558333
2023-03-28T15:32:00+0000,906.145833,40.533333,34.791667
2023-03-28T15:33:00+0000,908.359375,40.016667,34.683333
2023-03-28T15:34:00+0000,910.651042,40.775,34.333333
2023-03-28T15:35:00+0000,912.49349,41.041667,34.183333
2023-03-28T15:36:00+0000,913.470052,41.725,34.058333
2023-03-28T15:37:00+0000,914.85026,41.375,34.1
2023-03-28T15:38:00+0000,915.846354,41.633333,33.983333
2023-03-28T15:39:00+0000,917.610677,41.9,33.958333
2023-03-28T15:40:00+0000,920.683594,41.916667,34.175
2023-03-28T15:41:00+0000,923.476562,41.15,34.466667
2023-03-28T15:42:00+0000,925.240885,40.758333,34.708333
2023-03-28T15:43:00+0000,926.894531,40.508333,34.8
2023-03-28T15:44:00+0000,927.545573,40.383333,34.9
2023-03-28T15:45:00+0000,928.684896,40.083333,34.833333
2023-03-28T15:46:00+0000,930.058594,40.508333,34.708333
2023-03-28T15:47:00+0000,933.138021,40.516667,34.7
2023-03-28T15:48:00+0000,934.791667,40.658333,34.75
2023-03-28T15:49:00+0000,937.213542,40.525,34.866667
2023-03-28T15:50:00+0000,938.75651,40.158333,34.841667
2023-03-28T15:51:00+0000,941.432292,40.541667,34.8
2023-03-28T15:52:00+0000,942.766927,40.4,34.683333
2023-03-28T15:53:00+0000,943.033854,40.975,34.533333
2023-03-28T15:54:00+0000,944.036458,41.125,34.791667
2023-03-28T15:55:00+0000,945.14974,40.075,35.15
2023-03-28T15:56:00+0000,945.729167,39.616667,34.991667
2023-03-28T15:57:00+0000,946.24349,40.35,34.591667
2023-03-28T15:58:00+0000,945.970052,40.683333,34.3
2023-03-28T15:59:00+0000,949.53125,41.266667,34.108333
2023-03-28T16:00:00+0000,951.692708,41.558333,34.016667
2023-03-28T16:01:00+0000,952.877604,41.791667,34.116667
2023-03-28T16:02:00+0000,955.279948,41.125,34.358333
2023-03-28T16:03:00+0000,956.549479,40.591667,34.5
2023-03-28T16:04:00+0000,958.645833,40.683333,34.5
2023-03-28T16:05:00+0000,959.752604,40.525,34.533333
2023-03-28T16:06:00+0000,960.872396,40.65,34.625
2023-03-28T16:07:00+0000,961.998698,40.391667,34.8
2023-03-28T16:08:00+0000,962.96875,40.25,34.958333
2023-03-28T16:09:00+0000,964.042969,39.85,35.108333
2023-03-28T16:10:00+0000,964.876302,40.075,35.258333
2023-03-28T16:11:00+0000,965.9375,39.683333,35.175
2023-03-28T16:12:00+0000,966.927083,40.175,34.833333
2023-03-28T16:13:00+0000,969.251302,40.825,34.8
2023-03-28T16:14:00+0000,971.796875,40.358333,34.983333
2023-03-28T16:15:00+0000,971.204427,40.025,34.925
2023-03-28T16:16:00+0000,971.25651,40.491667,34.716667
2023-03-28T16:17:00+0000,972.545573,41.016667,34.725
2023-03-28T16:18:00+0000,974.726562,40.775,35.025
2023-03-28T16:19:00+0000,974.908854,39.85,35.333333
2023-03-28T16:20:00+0000,976.497396,39.783333,35.466667
2023-03-28T16:21:00+0000,976.55599,39.5,35.675
2023-03-28T16:22:00+0000,978.828125,39.35,35.608333
2023-03-28T16:23:00+0000,979.179688,39.516667,35.6
2023-03-28T16:24:00+0000,979.199219,39.758333,35.583333
2023-03-28T16:25:00+0000,979.316406,39.4,35.708333
2023-03-28T16:26:00+0000,980.273438,39.183333,35.525
2023-03-28T16:27:00+0000,980.384115,39.825,35.4
2023-03-28T16:28:00+0000,981.770833,39.816667,35.433333
2023-03-28T16:29:00+0000,982.272135,39.375,35.558333
2023-03-28T16:30:00+0000,982.402344,39.241667,35.391667
2023-03-28T16:31:00+0000,983.046875,39.691667,35.3
2023-03-28T16:32:00+0000,984.83724,39.6,35.183333
2023-03-28T16:33:00+0000,986.269531,39.925,35.1
2023-03-28T16:34:00+0000,986.041667,40.375,35.125
2023-03-28T16:35:00+0000,986.321615,40.0,35.383333
2023-03-28T16:36:00+0000,988.43099,39.175,35.441667
2023-03-28T16:37:00+0000,989.492188,39.575,35.125
2023-03-28T16:38:00+0000,988.261719,40.25,35.016667
2023-03-28T16:39:00+0000,989.270833,39.958333,35.258333
2023-03-28T16:40:00+0000,988.554688,39.841667,35.183333
2023-03-28T16:41:00+0000,987.96224,39.966667,35.008333
2023-03-28T16:42:00+0000,988.763021,40.291667,34.9
2023-03-28T16:43:00+0000,989.641927,40.458333,34.8
2023-03-28T16:44:00+0000,990.566406,40.083333,34.891667
2023-03-28T16:45:00+0000,990.533854,40.35,34.883333
2023-03-28T16:46:00+0000,991.204427,39.983333,35.058333
2023-03-28T16:47:00+0000,990.846354,39.725,35.1
2023-03-28T16:48:00+0000,989.804688,39.741667,35.191667
2023-03-28T16:49:00+0000,990.872396,39.383333,35.366667
2023-03-28T16:50:00+0000,992.701823,39.208333,35.35
2023-03-28T16:51:00+0000,993.346354,39.525,35.291667
2023-03-28T16:52:00+0000,993.541667,39.091667,35.333333
2023-03-28T16:53:00+0000,994.147135,39.6,35.108333
2023-03-28T16:54:00+0000,994.433594,39.7,35.241667
2023-03-28T16:55:00+0000,993.059896,39.133333,35.583333
2023-03-28T16:56:00+0000,989.661458,38.683333,35.808333
2023-03-28T16:57:00+0000,988.574219,38.766667,35.975
2023-03-28T16:58:00+0000,988.020833,38.225,36.15
2023-03-28T16:59:00+0000,990.865885,37.716667,35.916667
2023-03-28T17:00:00+0000,992.532552,38.6,35.475
2023-03-28T17:01:00+0000,993.489583,38.858333,35.4
2023-03-28T17:02:00+0000,992.936198,38.891667,35.458333
2023-03-28T17:03:00+0000,992.389323,38.441667,35.5
2023-03-28T17:04:00+0000,992.519531,38.75,35.508333
2023-03-28T17:05:00+0000,992.324219,38.525,35.675
2023-03-28T17:06:00+0000,990.742188,38.341667,35.791667
2023-03-28T17:07:00+0000,988.763021,38.533333,35.741667
2023-03-28T17:08:00+0000,990.110677,38.066667,35.9
2023-03-28T17:09:00+0000,990.364583,38.25,36.108333
2023-03-28T17:10:00+0000,992.239583,37.641667,36.416667
2023-03-28T17:11:00+0000,989.186198,37.183333,36.533333
2023-03-28T17:12:00+0000,988.111979,37.658333,36.066667
2023-03-28T17:13:00+0000,989.427083,38.75,35.716667
2023-03-28T17:14:00+0000,991.40625,38.8,35.666667
2023-03-28T17:15:00+0000,990.123698,38.933333,35.416667
2023-03-28T17:16:00+0000,991.067708,39.383333,35.266667
2023-03-28T17:17:00+0000,990.755208,39.566667,35.15
2023-03-28T17:18:00+0000,990.019531,39.691667,35.266667
2023-03-28T17:19:00+0000,989.075521,39.266667,35.633333
2023-03-28T17:20:00+0000,988.007812,38.4,35.991667
2023-03-28T17:21:00+0000,987.167969,37.991667,36.183333
2023-03-28T17:22:00+0000,988.404948,37.891667,36.225
2023-03-28T17:23:00+0000,985.286458,37.791667,36.308333
2023-03-28T17:24:00+0000,984.52474,37.583333,36.333333
2023-03-28T17:25:00+0000,984.355469,37.966667,36.258333
2023-03-28T17:26:00+0000,984.108073,38.175,35.841667
2023-03-28T17:27:00+0000,984.68099,39.125,35.525
2023-03-28T17:28:00+0000,983.092448,39.533333,35.525
2023-03-28T17:29:00+0000,981.217448,39.208333,35.8
2023-03-28T17:30:00+0000,980.234375,38.516667,35.866667
2023-03-28T17:31:00+0000,978.365885,38.908333,35.733333
2023-03-28T17:32:00+0000,977.356771,39.083333,35.625
2023-03-28T17:33:00+0000,977.233073,39.4,35.683333
2023-03-28T17:34:00+0000,978.294271,38.958333,35.891667
2023-03-28T17:35:00+0000,979.205729,38.85,35.791667
2023-03-28T17:36:00+0000,979.544271,39.191667,35.483333
2023-03-28T17:37:00+0000,978.261719,39.508333,35.4
2023-03-28T17:38:00+0000,978.489583,39.708333,35.5
2023-03-28T17:39:00+0000,977.552083,38.966667,35.7
2023-03-28T17:40:00+0000,975.768229,39.333333,35.716667
2023-03-28T17:41:00+0000,974.016927,39.075,35.783333
2023-03-28T17:42:00+0000,972.526042,39.158333,35.633333
2023-03-28T17:43:00+0000,971.269531,39.358333,35.6
2023-03-28T17:44:00+0000,970.592448,39.208333,35.65
2023-03-28T17:45:00+0000,969.361979,39.108333,35.758333
2023-03-28T17:46:00+0000,968.932292,38.816667,35.916667
2023-03-28T17:47:00+0000,967.80599,38.541667,36.05
2023-03-28T17:48:00+0000,967.49349,38.591667,36.0
2023-03-28T17:49:00+0000,963.144531,38.525,35.983333
2023-03-28T17:50:00+0000,960.384115,38.858333,35.775
2023-03-28T17:51:00+0000,956.393229,39.225,35.55
2023-03-28T17:52:00+0000,956.653646,39.308333,35.45
2023-03-28T17:53:00+0000,959.121094,39.633333,35.316667
2023-03-28T17:54:00+0000,958.105469,39.675,35.508333
2023-03-28T17:55:00+0000,959.453125,39.0,35.633333
2023-03-28T17:56:00+0000,960.384115,39.108333,35.7
2023-03-28T17:57:00+0000,959.518229,38.925,35.8
2023-03-28T17:58:00+0000,958.886719,39.2,35.975
2023-03-28T17:59:00+0000,953.60026,38.283333,36.216667
2023-03-28T18:00:00+0000,949.824219,37.975,36.45
2023-03-28T18:01:00+0000,946.126302,37.6,36.483333
2023-03-28T18:02:00+0000,945.338542,37.783333,36.325
2023-03-28T18:03:00+0000,946.992188,38.266667,36.25
2023-03-28T18:04:00+0000,948.671875,38.083333,36.416667
2023-03-28T18:05:00+0000,945.77474,37.8,36.6
2023-03-28T18:06:00+0000,942.174479,37.65,36.733333
2023-03-28T18:07:00+0000,942.063802,37.108333,36.8
2023-03-28T18:08:00+0000,942.747396,37.0,36.783333
2023-03-28T18:09:00+0000,938.450521,37.2,36.566667
2023-03-28T18:10:00+0000,934.733073,37.675,36.4
2023-03-28T18:11:00+0000,933.183594,37.716667,36.316667
2023-03-28T18:12:00+0000,933.730469,37.641667,36.366667
2023-03-28T18:13:00+0000,934.550781,37.566667,36.475
2023-03-28T18:14:00+0000,932.122396,37.191667,36.6
2023-03-28T18:15:00+0000,929.414062,37.325,36.6
2023-03-28T18:16:00+0000,928.11849,37.275,36.491667
2023-03-28T18:17:00+0000,926.380208,37.725,36.516667
2023-03-28T18:18:00+0000,926.015625,37.25,36.791667
2023-03-28T18:19:00+0000,924.824219,36.7,37.141667
2023-03-28T18:20:00+0000,923.352865,36.0,37.425
2023-03-28T18:21:00+0000,921.113281,35.408333,37.766667
2023-03-28T18:22:00+0000,919.960938,34.733333,37.825
2023-03-28T18:23:00+0000,916.959635,35.316667,37.458333
2023-03-28T18:24:00+0000,914.817708,35.891667,37.3
2023-03-28T18:25:00+0000,912.402344,35.833333,37.358333
2023-03-28T18:26:00+0000,906.334635,35.45,37.4
2023-03-28T18:27:00+0000,897.207031,35.75,37.491667
2023-03-28T18:28:00+0000,892.34375,35.325,37.725
2023-03-28T18:29:00+0000,892.773438,34.916667,37.816667
2023-03-28T18:30:00+0000,893.886719,35.125,37.725
2023-03-28T18:31:00+0000,895.729167,35.533333,37.7
2023-03-28T18:32:00+0000,896.158854,35.258333,37.691667
2023-03-28T18:33:00+0000,894.609375,35.475,37.466667
2023-03-28T18:34:00+0000,891.822917,35.933333,37.183333
2023-03-28T18:35:00+0000,890.61849,36.341667,36.9
2023-03-28T18:36:00+0000,887.480469,36.9,36.816667
2023-03-28T18:37:00+0000,886.490885,36.55,37.083333
2023-03-28T18:38:00+0000,885.214844,36.083333,37.283333
2023-03-28T18:39:00+0000,883.470052,35.875,37.158333
2023-03-28T18:40:00+0000,881.471354,36.308333,36.916667
2023-03-28T18:41:00+0000,880.123698,36.4,36.908333
2023-03-28T18:42:00+0000,875.989583,36.433333,37.166667
2023-03-28T18:43:00+0000,873.365885,35.675,37.458333
2023-03-28T18:44:00+0000,871.992188,35.233333,37.608333
2023-03-28T18:45:00+0000,870.917969,35.133333,37.6
2023-03-28T18:46:00+0000,868.945312,35.375,37.666667
2023-03-28T18:47:00+0000,864.934896,35.116667,37.983333
2023-03-28T18:48:00+0000,859.05599,34.825,38.441667
2023-03-28T18:49:00+0000,852.766927,33.466667,38.658333
2023-03-28T18:50:00+0000,853.776042,33.566667,38.458333
2023-03-28T18:51:00+0000,855.247396,34.166667,38.291667
2023-03-28T18:52:00+0000,855.852865,34.225,38.058333
2023-03-28T18:53:00+0000,853.483073,34.758333,37.65
2023-03-28T18:54:00+0000,845.253906,35.316667,37.433333
2023-03-28T18:55:00+0000,840.253906,35.55,37.3
2023-03-28T18:56:00+0000,840.091146,35.291667,37.275
2023-03-28T18:57:00+0000,836.178385,35.6,37.2
2023-03-28T18:58:00+0000,834.791667,35.75,37.216667
2023-03-28T18:59:00+0000,837.434896,35.55,37.3
2023-03-28T19:00:00+0000,834.394531,35.641667,37.208333
2023-03-28T19:01:00+0000,831.542969,35.541667,37.291667
2023-03-28T19:02:00+0000,829.6875,35.641667,37.341667
2023-03-28T19:03:00+0000,825.885417,35.5,37.541667
2023-03-28T19:04:00+0000,823.4375,35.033333,37.633333
2023-03-28T19:05:00+0000,821.536458,35.133333,37.6
2023-03-28T19:06:00+0000,817.304688,35.025,37.725
2023-03-28T19:07:00+0000,813.964844,34.466667,37.8
2023-03-28T19:08:00+0000,812.903646,34.425,37.891667
2023-03-28T19:09:00+0000,810.110677,34.125,37.916667
2023-03-28T19:10:00+0000,809.075521,34.225,37.9
2023-03-28T19:11:00+0000,808.229167,34.233333,37.991667
2023-03-28T19:12:00+0000,807.083333,34.125,38.2
2023-03-28T19:13:00+0000,805.924479,33.875,38.5
2023-03-28T19:14:00+0000,804.108073,33.275,38.741667
2023-03-28T19:15:00+0000,800.9375,32.925,38.775
2023-03-28T19:16:00+0000,796.914062,33.358333,38.608333
2023-03-28T19:17:00+0000,795.820312,33.666667,38.383333
2023-03-28T19:18:00+0000,792.35026,33.791667,38.058333
2023-03-28T19:19:00+0000,789.329427,34.291667,37.808333
2023-03-28T19:20:00+0000,786.588542,34.491667,37.783333
2023-03-28T19:21:00+0000,783.151042,34.508333,37.841667
2023-03-28T19:22:00+0000,779.453125,34.525,38.025
2023-03-28T19:23:00+0000,776.575521,34.016667,38.291667
2023-03-28T19:24:00+0000,776.315104,33.625,38.4
2023-03-28T19:25:00+0000,779.309896,33.508333,38.483333
2023-03-28T19:26:00+0000,781.699219,33.1,38.5
2023-03-28T19:27:00+0000,780.924479,32.883333,38.45
2023-03-28T19:28:00+0000,776.516927,33.108333,38.4
2023-03-28T19:29:00+0000,769.296875,32.925,38.4
2023-03-28T19:30:00+0000,760.045573,33.175,38.45
2023-03-28T19:31:00+0000,751.829427,32.758333,38.658333
2023-03-28T19:32:00+0000,744.876302,32.791667,38.783333
2023-03-28T19:33:00+0000,743.098958,32.233333,38.891667
2023-03-28T19:34:00+0000,739.394531,32.441667,38.741667
2023-03-28T19:35:00+0000,738.606771,32.658333,38.65
2023-03-28T19:36:00+0000,736.106771,32.925,38.55
2023-03-28T19:37:00+0000,731.536458,33.116667,38.366667
2023-03-28T19:38:00+0000,725.292969,33.433333,38.241667
2023-03-28T19:39:00+0000,722.363281,33.375,38.15
2023-03-28T19:40:00+0000,718.157552,33.641667,38.1
2023-03-28T19:41:00+0000,717.871094,33.441667,38.1
2023-03-28T19:42:00+0000,717.317708,33.575,37.983333
2023-03-28T19:43:00+0000,715.729167,34.008333,37.925
2023-03-28T19:44:00+0000,715.273438,33.825,38.05
2023-03-28T19:45:00+0000,713.483073,33.658333,38.091667
2023-03-28T19:46:00+0000,710.898438,33.316667,38.058333
2023-03-28T19:47:00+0000,707.207031,33.075,38.191667
2023-03-28T19:48:00+0000,701.998698,32.958333,38.258333
2023-03-28T19:49:00+0000,697.141927,32.975,38.308333
2023-03-28T19:50:00+0000,693.782552,32.683333,38.508333
2023-03-28T19:51:00+0000,691.842448,32.358333,38.825
2023-03-28T19:52:00+0000,689.518229,32.158333,39.116667
2023-03-28T19:53:00+0000,686.24349,31.891667,39.133333
2023-03-28T19:54:00+0000,683.502604,32.1,38.908333
2023-03-28T19:55:00+0000,680.384115,32.483333,38.8
2023-03-28T19:56:00+0000,677.519531,32.158333,38.875
2023-03-28T19:57:00+0000,672.884115,32.133333,38.866667
2023-03-28T19:58:00+0000,668.632812,32.6,38.675
2023-03-28T19:59:00+0000,665.078125,33.175,38.5
2023-03-28T20:00:00+0000,663.28776,32.775,38.5
2023-03-28T20:01:00+0000,659.863281,32.683333,38.5
2023-03-28T20:02:00+0000,656.113281,32.55,38.466667
2023-03-28T20:03:00+0000,654.0625,32.691667,38.5
2023-03-28T20:04:00+0000,652.408854,32.558333,38.591667
2023-03-28T20:05:00+0000,649.348958,32.308333,38.783333
2023-03-28T20:06:00+0000,645.065104,32.55,38.9
2023-03-28T20:07:00+0000,639.622396,32.9,39.05
2023-03-28T20:08:00+0000,634.296875,32.766667,39.191667
2023-03-28T20:09:00+0000,631.341146,32.508333,39.091667
2023-03-28T20:10:00+0000,627.740885,32.875,38.775
2023-03-28T20:11:00+0000,623.385417,33.083333,38.483333
2023-03-28T20:12:00+0000,617.721354,33.716667,38.3
2023-03-28T20:13:00+0000,613.821615,33.716667,38.216667
2023-03-28T20:14:00+0000,610.384115,33.85,38.091667
2023-03-28T20:15:00+0000,607.473958,33.975,37.916667
2023-03-28T20:16:00+0000,605.891927,34.333333,37.808333
2023-03-28T20:17:00+0000,603.300781,34.375,37.891667
2023-03-28T20:18:00+0000,600.026042,34.083333,37.9
2023-03-28T20:19:00+0000,596.861979,34.3,37.733333
2023-03-28T20:20:00+0000,593.541667,34.5,37.7
2023-03-28T20:21:00+0000,589.342448,34.433333,37.866667
2023-03-28T20:22:00+0000,585.0,34.066667,38.058333
2023-03-28T20:23:00+0000,581.855469,33.808333,38.025
2023-03-28T20:24:00+0000,577.721354,34.141667,37.825
2023-03-28T20:25:00+0000,574.69401,33.991667,37.891667
2023-03-28T20:26:00+0000,571.223958,34.05,37.8
2023-03-28T20:27:00+0000,567.610677,34.133333,37.908333
2023-03-28T20:28:00+0000,562.832031,33.783333,38.091667
2023-03-28T20:29:00+0000,558.932292,33.858333,38.1
2023-03-28T20:30:00+0000,556.263021,33.566667,38.183333
2023-03-28T20:31:00+0000,554.042969,33.583333,38.1
2023-03-28T20:32:00+0000,550.904948,33.608333,38.15
2023-03-28T20:33:00+0000,547.096354,33.583333,38.191667
2023-03-28T20:34:00+0000,543.352865,33.391667,38.291667
2023-03-28T20:35:00+0000,540.332031,33.083333,38.458333
2023-03-28T20:36:00+0000,535.611979,32.9,38.516667
2023-03-28T20:37:00+0000,530.240885,32.85,38.741667
2023-03-28T20:38:00+0000,525.169271,32.15,39.008333
2023-03-28T20:39:00+0000,521.10026,31.95,39.25
2023-03-28T20:40:00+0000,518.027344,31.666667,39.441667
2023-03-28T20:41:00+0000,513.339844,31.383333,39.525
2023-03-28T20:42:00+0000,509.231771,31.375,39.408333
2023-03-28T20:43:00+0000,504.967448,31.508333,39.208333
2023-03-28T20:44:00+0000,501.595052,31.891667,39.041667
2023-03-28T20:45:00+0000,498.502604,31.966667,38.908333
2023-03-28T20:46:00+0000,495.722656,32.083333,38.808333
2023-03-28T20:47:00+0000,492.5,32.225,38.891667
2023-03-28T20:48:00+0000,487.682292,32.233333,38.9
2023-03-28T20:49:00+0000,483.417969,32.158333,38.833333
2023-03-28T20:50:00+0000,479.348958,32.275,38.716667
2023-03-28T20:51:00+0000,474.791667,32.283333,38.658333
2023-03-28T20:52:00+0000,470.703125,32.516667,38.408333
2023-03-28T20:53:00+0000,466.516927,33.066667,38.3
2023-03-28T20:54:00+0000,462.421875,33.041667,38.375
2023-03-28T20:55:00+0000,457.695312,32.675,38.675
2023-03-28T20:56:00+0000,453.476562,32.116667,38.8
2023-03-28T20:57:00+0000,451.035156,32.258333,38.625
2023-03-28T20:58:00+0000,447.591146,32.9,38.308333
2023-03-28T20:59:00+0000,444.010417,33.358333,38.291667
2023-03-28T21:00:00+0000,439.69401,33.016667,38.491667
2023-03-28T21:01:00+0000,435.084635,32.741667,38.6
2023-03-28T21:02:00+0000,432.604167,32.525,38.575
2023-03-28T21:03:00+0000,427.578125,32.525,38.5
2023-03-28T21:04:00+0000,421.588542,32.775,38.45
2023-03-28T21:05:00+0000,415.286458,32.866667,38.4
2023-03-28T21:06:00+0000,411.302083,32.816667,38.35
2023-03-28T21:07:00+0000,407.089844,32.966667,38.3
2023-03-28T21:08:00+0000,402.311198,32.941667,38.266667
2023-03-28T21:09:00+0000,398.580729,32.858333,38.166667
2023-03-28T21:10:00+0000,394.003906,32.883333,38.058333
2023-03-28T21:11:00+0000,389.720052,33.091667,37.908333
2023-03-28T21:12:00+0000,386.354167,33.233333,37.808333
2023-03-28T21:13:00+0000,382.942708,33.3,37.925
2023-03-28T21:14:00+0000,378.606771,32.908333,38.0
2023-03-28T21:15:00+0000,373.28125,32.6,38.025
2023-03-28T21:16:00+0000,367.929688,32.816667,38.191667
2023-03-28T21:17:00+0000,363.359375,32.825,38.366667
2023-03-28T21:18:00+0000,359.557292,32.3,38.441667
2023-03-28T21:19:00+0000,356.373698,32.141667,38.5
2023-03-28T21:20:00+0000,352.753906,32.258333,38.341667
2023-03-28T21:21:00+0000,349.479167,32.683333,38.083333
2023-03-28T21:22:00+0000,346.061198,32.9,38.0
2023-03-28T21:23:00+0000,342.740885,32.833333,38.108333
2023-03-28T21:24:00+0000,339.83724,32.55,38.325
2023-03-28T21:25:00+0000,335.709635,32.5,38.241667
2023-03-28T21:26:00+0000,330.00651,32.9,38.1
2023-03-28T21:27:00+0000,323.170573,32.991667,38.175
2023-03-28T21:28:00+0000,316.158854,32.933333,38.2
2023-03-28T21:29:00+0000,310.670573,32.641667,38.266667
2023-03-28T21:30:00+0000,304.908854,32.675,38.291667
2023-03-28T21:31:00+0000,303.261719,32.891667,38.175
2023-03-28T21:32:00+0000,303.75651,33.041667,38.1
2023-03-28T21:33:00+0000,302.246094,33.025,38.1
2023-03-28T21:34:00+0000,298.346354,33.058333,38.1
2023-03-28T21:35:00+0000,294.173177,32.8,38.2
2023-03-28T21:36:00+0000,290.013021,32.808333,38.158333
2023-03-28T21:37:00+0000,283.997396,32.95,37.966667
2023-03-28T21:38:00+0000,277.760417,33.316667,37.675
2023-03-28T21:39:00+0000,273.763021,33.616667,37.475
2023-03-28T21:40:00+0000,271.5625,33.85,37.433333
2023-03-28T21:41:00+0000,268.789062,33.841667,37.558333
2023-03-28T21:42:00+0000,265.696615,33.8,37.7
2023-03-28T21:43:00+0000,262.565104,33.941667,37.716667
2023-03-28T21:44:00+0000,258.476562,34.058333,37.85
2023-03-28T21:45:00+0000,254.36849,33.983333,37.966667
2023-03-28T21:46:00+0000,249.947917,34.0,37.975
2023-03-28T21:47:00+0000,245.709635,34.1,37.858333
2023-03-28T21:48:00+0000,242.428385,34.233333,37.766667
2023-03-28T21:49:00+0000,239.804688,34.341667,37.591667
2023-03-28T21:50:00+0000,202.011719,34.666667,37.383333
2023-03-28T21:51:00+0000,72.897135,35.125,37.216667
2023-03-28T21:52:00+0000,68.072917,35.041667,37.2
2023-03-28T21:53:00+0000,49.205729,34.975,37.266667
2023-03-28T21:54:00+0000,95.983073,34.816667,37.408333
2023-03-28T21:55:00+0000,129.941406,34.716667,37.55
2023-03-28T21:56:00+0000,186.282552,34.633333,37.508333
2023-03-28T21:57:00+0000,158.522135,34.891667,37.375
2023-03-28T21:58:00+0000,88.665365,35.058333,37.283333
2023-03-28T21:59:00+0000,108.639323,35.341667,37.191667
2023-03-28T22:00:00+0000,86.022135,35.791667,37.041667
2023-03-28T22:01:00+0000,77.03776,35.966667,36.891667
2023-03-28T22:02:00+0000,74.101562,36.25,36.733333
2023-03-28T22:03:00+0000,31.10026,36.341667,36.616667
2023-03-28T22:04:00+0000,126.497396,36.566667,36.566667
2023-03-28T22:05:00+0000,117.434896,36.725,36.5
2023-03-28T22:06:00+0000,108.229167,36.983333,36.5
2023-03-28T22:07:00+0000,113.170573,37.008333,36.416667
2023-03-28T22:08:00+0000,108.020833,37.025,36.4
2023-03-28T22:09:00+0000,94.752604,36.991667,36.4
2023-03-28T22:10:00+0000,71.503906,37.05,36.4
2023-03-28T22:11:00+0000,63.203125,37.175,36.4
2023-03-28T22:12:00+0000,64.915365,37.141667,36.283333
2023-03-28T22:13:00+0000,65.78776,37.341667,36.158333
2023-03-28T22:14:00+0000,65.807292,37.558333,36.075
2023-03-28T22:15:00+0000,64.733073,37.7,36.0
2023-03-28T22:16:00+0000,63.27474,37.708333,36.025
2023-03-28T22:17:00+0000,61.894531,37.85,36.008333
2023-03-28T22:18:00+0000,60.078125,37.975,36.0
2023-03-28T22:19:00+0000,57.832031,37.883333,36.0
2023-03-28T22:20:00+0000,55.130208,37.958333,35.9
2023-03-28T22:21:00+0000,51.679688,37.916667,35.825
2023-03-28T22:22:00+0000,48.190104,38.141667,35.733333
2023-03-28T22:23:00+0000,43.841146,38.35,35.7
2023-03-28T22:24:00+0000,39.296875,38.458333,35.65
2023-03-28T22:25:00+0000,35.507812,38.45,35.6
2023-03-28T22:26:00+0000,31.816406,38.433333,35.6
2023-03-28T22:27:00+0000,28.151042,38.716667,35.575
2023-03-28T22:28:00+0000,24.889323,38.808333,35.5
2023-03-28T22:29:00+0000,22.617188,38.816667,35.5
2023-03-28T22:30:00+0000,20.970052,38.908333,35.5
2023-03-28T22:31:00+0000,19.316406,39.0,35.416667
2023-03-28T22:32:00+0000,17.80599,38.983333,35.4
2023-03-28T22:33:00+0000,16.835938,39.0,35.4
2023-03-28T22:34:00+0000,15.976562,39.191667,35.358333
2023-03-28T22:35:00+0000,15.501302,39.3,35.3
2023-03-28T22:36:00+0000,15.117188,39.341667,35.275
2023-03-28T22:37:00+0000,14.654948,39.408333,35.208333
2023-03-28T22:38:00+0000,6.380208,39.383333,35.2
2023-03-28T22:39:00+0000,5.039062,39.425,35.2
2023-03-28T22:40:00+0000,4.544271,39.4,35.2
2023-03-28T22:41:00+0000,4.140625,39.5,35.2
2023-03-28T22:42:00+0000,8.365885,39.5,35.108333
2023-03-28T22:43:00+0000,12.825521,39.55,35.1
2023-03-28T22:44:00+0000,12.584635,39.6,35.1
2023-03-28T22:45:00+0000,12.50651,39.641667,35.091667
2023-03-28T22:46:00+0000,12.467448,39.7,35.041667
2023-03-28T22:47:00+0000,12.233073,39.758333,35.008333
2023-03-28T22:48:00+0000,12.102865,39.8,35.0
2023-03-28T22:49:00+0000,11.875,39.833333,35.0
2023-03-28T22:50:00+0000,11.041667,39.983333,34.958333
2023-03-28T22:51:00+0000,10.026042,40.0,34.9
2023-03-28T22:52:00+0000,8.990885,40.1,34.9
2023-03-28T22:53:00+0000,7.877604,40.258333,34.858333
2023-03-28T22:54:00+0000,6.803385,40.3,34.8
2023-03-28T22:55:00+0000,5.807292,40.391667,34.8
2023-03-28T22:56:00+0000,4.882812,40.45,34.791667
2023-03-28T22:57:00+0000,4.036458,40.533333,34.725
2023-03-28T22:58:00+0000,3.398438,40.55,34.7
2023-03-28T22:59:00+0000,2.929688,40.641667,34.7
2023-03-28T23:00:00+0000,2.526042,40.5,34.7
2023-03-28T23:01:00+0000,2.213542,40.458333,34.7
2023-03-28T23:02:00+0000,1.966146,40.4,34.7
2023-03-28T23:03:00+0000,1.744792,40.425,34.7
2023-03-28T23:04:00+0000,1.582031,40.508333,34.7
2023-03-28T23:05:00+0000,1.425781,40.558333,34.7
2023-03-28T23:06:00+0000,1.328125,40.408333,34.7
2023-03-28T23:07:00+0000,1.184896,40.408333,34.7
2023-03-28T23:08:00+0000,1.09375,40.625,34.7
2023-03-28T23:09:00+0000,1.002604,40.583333,34.7
2023-03-28T23:10:00+0000,0.924479,40.7,34.7
2023-03-28T23:11:00+0000,0.846354,40.666667,34.7
2023-03-28T23:12:00+0000,0.755208,40.683333,34.7
2023-03-28T23:13:00+0000,0.703125,42.575,34.7
2023-03-28T23:14:00+0000,0.651042,43.575,34.666667
2023-03-28T23:15:00+0000,0.592448,44.416667,34.533333
2023-03-28T23:16:00+0000,0.572917,44.833333,34.341667
2023-03-28T23:17:00+0000,0.494792,45.033333,34.216667
2023-03-28T23:18:00+0000,0.429688,45.408333,34.141667
2023-03-28T23:19:00+0000,0.416667,45.716667,34.1
2023-03-28T23:20:00+0000,0.371094,44.75,34.016667
2023-03-28T23:21:00+0000,0.338542,45.15,34.0
2023-03-28T23:22:00+0000,0.299479,42.908333,34.0
2023-03-28T23:23:00+0000,0.279948,42.35,34.008333
2023-03-28T23:24:00+0000,0.247396,42.283333,34.091667
2023-03-28T23:25:00+0000,0.227865,42.333333,34.1
2023-03-28T23:26:00+0000,0.201823,42.441667,34.091667
2023-03-28T23:27:00+0000,0.214844,42.533333,34.008333
2023-03-28T23:28:00+0000,0.201823,42.6,34.0
2023-03-28T23:29:00+0000,0.188802,42.641667,34.0
2023-03-28T23:30:00+0000,0.188802,42.716667,33.975
2023-03-28T23:31:00+0000,0.195312,42.8,33.9
2023-03-28T23:32:00+0000,0.208333,42.883333,33.9
2023-03-28T23:33:00+0000,0.188802,42.925,33.9
2023-03-28T23:34:00+0000,0.182292,43.0,33.85
2023-03-28T23:35:00+0000,0.182292,43.075,33.8
2023-03-28T23:36:00+0000,0.175781,43.108333,33.8
2023-03-28T23:37:00+0000,0.195312,43.216667,33.783333
2023-03-28T23:38:00+0000,0.188802,43.3,33.708333
2023-03-28T23:39:00+0000,0.169271,43.375,33.7
2023-03-28T23:40:00+0000,0.182292,43.541667,33.7
2023-03-28T23:41:00+0000,0.169271,43.65,33.666667
2023-03-28T23:42:00+0000,0.16276,43.816667,33.6
2023-03-28T23:43:00+0000,0.188802,43.933333,33.6
2023-03-28T23:44:00+0000,0.182292,44.066667,33.6
2023-03-28T23:45:00+0000,0.15625,44.1,33.55
2023-03-28T23:46:00+0000,0.195312,44.2,33.5
2023-03-28T23:47:00+0000,0.182292,44.325,33.475
2023-03-28T23:48:00+0000,0.169271,44.425,33.4
2023-03-28T23:49:00+0000,0.195312,44.541667,33.4
2023-03-28T23:50:00+0000,0.188802,44.675,33.391667
2023-03-28T23:51:00+0000,0.175781,44.75,33.316667
2023-03-28T23:52:00+0000,0.182292,44.833333,33.3
2023-03-28T23:53:00+0000,0.175781,45.025,33.25
2023-03-28T23:54:00+0000,0.188802,45.233333,33.2
2023-03-28T23:55:00+0000,0.16276,45.416667,33.2
2023-03-28T23:56:00+0000,0.195312,45.525,33.2
2023-03-28T23:57:00+0000,0.188802,45.691667,33.116667
2023-03-28T23:58:00+0000,0.182292,45.875,33.1
2023-03-28T23:59:00+0000,0.175781,46.058333,33.075
